Title,Adress,Living Area,Rooms,Status,Price
Van Ostadestraat 74 3+4,1072 TB Amsterdam,105 m²,3 rooms,Available in consultation,"€ 2,950 p/mo."
Van Leijenberghlaan 34,1082 GM Amsterdam,204 m²,3 rooms,Available in consultation,"€ 4,350 p/mo."
Badhuiskade 175,1031 KV Amsterdam,131 m²,3 rooms,Available in consultation,"€ 3,300 p/mo."
Stadionkade 130 3+4,1076 BS Amsterdam,150 m²,4 rooms,Available in consultation,"€ 3,200 p/mo."
Badhuiskade 231,1031 KV Amsterdam,78 m²,3 rooms,Available immediately,"€ 2,275 p/mo."
Van Leijenberghlaan 34,1082 GM Amsterdam,204 m²,3 rooms,Available in consultation,"€ 4,350 p/mo."
Gustav Mahlerplein 257,1082 MS Amsterdam,175 m²,4 rooms,Available in consultation,"€ 5,000 p/mo."
Grasweg 148,1031 HX Amsterdam,69 m²,3 rooms,Available in consultation,"€ 1,550 p/mo."
Grasweg 122,1031 HX Amsterdam,90 m²,2 rooms,Available in consultation,"€ 1,747 p/mo."
Korte Ouderkerkerdijk 1 L2,1096 AC Amsterdam,156 m²,3 rooms,Available in consultation,"€ 4,750 p/mo."
Pietersbergweg 33 A,1105 BM Amsterdam,90 m²,3 rooms,Available in consultation,"€ 1,535 p/mo."
Willem Parelstraat 340 *,1018 KZ Amsterdam,84 m²,3 rooms,Available in consultation,"€ 1,850 p/mo."
Willem Parelstraat 378 *,1018 KZ Amsterdam,80 m²,3 rooms,Available in consultation,"€ 1,850 p/mo."
Haringbuisdijk 797,1086 VA Amsterdam,60 m²,2 rooms,Available in consultation,€ 950 p/mo.
Hellingstraat 76,1033 WW Amsterdam,90 m²,3 rooms,Available on 6/24/2022,"€ 2,550 p/mo."
IJplein 307,1021 LK Amsterdam,49 m²,2 rooms,Available in consultation,"€ 1,800 p/mo."
Willem Parelstraat 382,1018 KZ Amsterdam,80 m²,3 rooms,Available in consultation,"€ 1,850 p/mo."
Willem Parelstraat 316,1018 KZ Amsterdam,78 m²,3 rooms,Available in consultation,"€ 1,650 p/mo."
Willem Parelstraat 412,1018 KZ Amsterdam,79 m²,3 rooms,Available in consultation,"€ 1,875 p/mo."
Willem Parelstraat 348,1018 KZ Amsterdam,84 m²,3 rooms,Available in consultation,"€ 1,850 p/mo."
Willem Parelstraat 368,1018 KZ Amsterdam,74 m²,3 rooms,Available in consultation,"€ 1,700 p/mo."
Willem Parelstraat 324,1018 KZ Amsterdam,82 m²,3 rooms,Available in consultation,"€ 1,800 p/mo."
Grasweg 168,1031 HX Amsterdam,62 m²,3 rooms,Available in consultation,"€ 1,550 p/mo."
Plantage Muidergracht 99 B4,1018 TN Amsterdam,81 m²,3 rooms,Available in consultation,"€ 1,535 p/mo."
Plantage Muidergracht 99 B1,1018 TN Amsterdam,55 m²,2 rooms,Available in consultation,"€ 1,205 p/mo."
Plantage Middenlaan 54 C12,1018 DH Amsterdam,82 m²,3 rooms,Available in consultation,"€ 1,495 p/mo."
Plantage Muidergracht 99 E2,1018 TN Amsterdam,68 m²,2 rooms,Available in consultation,"€ 1,405 p/mo."
Eerste Egelantiersdwarsstraat 7 I,1015 RW Amsterdam,46 m²,2 rooms,Available immediately,"€ 2,175 p/mo."
Eerste Egelantiersdwarsstraat 7 II,1015 RW Amsterdam,46 m²,2 rooms,Available immediately,"€ 2,175 p/mo."
Govert Flinckstraat 191 1,1073 BV Amsterdam,83 m²,4 rooms,Available in consultation,"€ 2,650 p/mo."
J.J. Cremerplein 46 H,1054 TL Amsterdam,96 m²,3 rooms,Available in consultation,"€ 2,700 p/mo."
Sausalitolaan 92,1031 KE Amsterdam,67 m²,2 rooms,Available in consultation,"€ 1,850 p/mo."
Frans van Mierisstraat 87 3,1071 RN Amsterdam,62 m²,2 rooms,Available in consultation,"€ 2,000 p/mo."
Hoofddorpplein 9 I,1059 CV Amsterdam,76 m²,4 rooms,Available in consultation,"€ 2,250 p/mo."
Singel 106 B,1015 AD Amsterdam,114 m²,4 rooms,Available in consultation,"€ 3,250 p/mo."
Oostenburgermiddenstraat 104,1018 LC Amsterdam,80 m²,3 rooms,Available in consultation,"€ 1,850 p/mo."
Oostenburgermiddenstraat 106,1018 LC Amsterdam,87 m²,3 rooms,Available in consultation,"€ 1,900 p/mo."
Herengracht 395,1016 BC Amsterdam,148 m²,5 rooms,Available in consultation,"€ 4,200 p/mo."
Leidsegracht 56,1016 CN Amsterdam,193 m²,8 rooms,Available in consultation,"€ 5,950 p/mo."
Govert Flinckstraat 191 2,1073 BV Amsterdam,82 m²,3 rooms,Available in consultation,"€ 2,650 p/mo."
Ertskade 248,1019 BB Amsterdam,184 m²,4 rooms,Available immediately,"€ 4,500 p/mo."
Keizersgracht 786,1017 EC Amsterdam,450 m²,12 rooms,Available on 6/1/2022,"€ 13,000 p/mo."
Knokkestraat 56,1066 WK Amsterdam,127 m²,7 rooms,Available in consultation,"€ 1,950 p/mo."
Rhijnvis Feithstraat 33 1,1054 TV Amsterdam,60 m²,3 rooms,Available on 7/1/2022,"€ 1,775 p/mo."
Derde Helmersstraat 19 III,1054 BA Amsterdam,70 m²,2 rooms,Available immediately,"€ 2,150 p/mo."
Haparandaweg 774,1013 BD Amsterdam,105 m²,3 rooms,Available on 7/1/2022,"€ 2,600 p/mo."
Kanteel 12,1083 DA Amsterdam,131 m²,4 rooms,Available on 7/1/2022,"€ 2,500 p/mo."
Amstelkade 17 H,1078 AC Amsterdam,90 m²,5 rooms,Available in consultation,"€ 2,950 p/mo."
Maassluisstraat 536,1062 GZ Amsterdam,80 m²,4 rooms,Available in consultation,"€ 1,600 p/mo."
Willemsparkweg 9 I,1071 GN Amsterdam,56 m²,2 rooms,Available in consultation,"€ 1,750 p/mo."
Leiduinstraat 30 III,1058 SK Amsterdam,57 m²,3 rooms,Available on 6/1/2022,"€ 2,250 p/mo."
Hondecoeterstraat 5 B,1071 LP Amsterdam,172 m²,5 rooms,Available in consultation,"€ 7,000 p/mo."
Leidsegracht 117 II,1017 ND Amsterdam,80 m²,2 rooms,Available in consultation,"€ 1,750 p/mo."
Bilderdijkstraat 5 III+IV,1052 NA Amsterdam,110 m²,5 rooms,Available immediately,"€ 2,900 p/mo."
Jacob van Lennepkade 301 1,1054 ZW Amsterdam,78 m²,4 rooms,Available immediately,"€ 2,350 p/mo."
Herengracht 579 1,1017 CD Amsterdam,125 m²,3 rooms,Available on 6/6/2022,"€ 5,650 p/mo."
Plantage Middenlaan 20 III,1018 DE Amsterdam,147 m²,4 rooms,Available immediately,"€ 3,650 p/mo."
Victorieplein 39 1,1078 PD Amsterdam,107 m²,4 rooms,Available immediately,"€ 2,000 p/mo."
Minervaplein 11 2,1077 TH Amsterdam,75 m²,2 rooms,Available on 7/1/2022,"€ 2,150 p/mo."
Andreasplein 48,1058 GD Amsterdam,130 m²,4 rooms,Available in consultation,"€ 3,200 p/mo."
Hoofdweg 40 2,1058 BD Amsterdam,70 m²,2 rooms,Available immediately,"€ 1,850 p/mo."
ms. van Riemsdijkweg 202,1033 RD Amsterdam,115 m²,3 rooms,Available immediately,"€ 3,250 p/mo."
Ferdinand Bolstraat 61 k,1072 LC Amsterdam,86 m²,3 rooms,Available on 7/1/2022,"€ 2,650 p/mo."
Geulstraat 16 3,1078 KZ Amsterdam,74 m²,4 rooms,Available in consultation,"€ 1,550 p/mo."
Hellingstraat 166,1033 WW Amsterdam,67 m²,3 rooms,Available immediately,"€ 1,459 p/mo."
Sassenheimstraat 19 II,1059 BA Amsterdam,56 m²,3 rooms,Available in consultation,"€ 1,480 p/mo."
Van Baerlestraat 69 IV,1071 AS Amsterdam,85 m²,3 rooms,Available immediately,"€ 2,400 p/mo."
Haarlemmermeerstraat 50 3,1058 KB Amsterdam,106 m²,4 rooms,Available on 7/1/2022,"€ 2,750 p/mo."
Sprinklerstraat 75,1019 VR Amsterdam,94 m²,3 rooms,Available on 6/15/2022,"€ 2,450 p/mo."
Keizersgracht 365 E,1016 EJ Amsterdam,130 m²,3 rooms,Available immediately,"€ 3,950 p/mo."
Gaasterlandstraat 262,1079 RH Amsterdam,125 m²,3 rooms,Available immediately,"€ 2,695 p/mo."
Molenpad 6 -2,1016 GM Amsterdam,110 m²,4 rooms,Available in consultation,"€ 3,500 p/mo."
Eosstraat 388,1076 DT Amsterdam,82 m²,3 rooms,Available immediately,"€ 1,418 p/mo."
Churchill-laan 123 -III,1078 DN Amsterdam,104 m²,4 rooms,Available in consultation,"€ 2,900 p/mo."
Beysterveld 189,1083 KD Amsterdam,195 m²,4 rooms,Available in consultation,"€ 7,500 p/mo."
Walborg 10,1082 AM Amsterdam,155 m²,6 rooms,Available immediately,"€ 3,500 p/mo."
Koninginneweg 101,1075 CK Amsterdam,234 m²,5 rooms,Available immediately,"€ 4,500 p/mo."
Klaas Geertsplantsoen 10,1022 LK Amsterdam,150 m²,7 rooms,Available on 6/1/2022,"€ 3,000 p/mo."
Herengracht 34 -t/o,1015 BL Amsterdam,50 m²,1 room,Available immediately,"€ 1,650 p/mo."
Palestrinastraat 24 H,1071 LG Amsterdam,203 m²,7 rooms,Available in consultation,"€ 7,000 p/mo."
Vossiusstraat 53 D,1071 AK Amsterdam,84 m²,2 rooms,Available immediately,"€ 2,500 p/mo."
Jan Luijkenstraat 4 2*,1071 CM Amsterdam,93 m²,3 rooms,Available on 6/1/2022,"€ 3,000 p/mo."
Zeeburgerkade 664,1019 HS Amsterdam,84 m²,3 rooms,Available in consultation,"€ 1,850 p/mo."
Tintorettostraat 19 I,1077 RN Amsterdam,100 m²,4 rooms,Available in consultation,"€ 2,650 p/mo."
Groenburgwal 67 1,1011 HT Amsterdam,52 m²,2 rooms,Available in consultation,"€ 1,800 p/mo."
G.J. Scheurleerweg 121,1025 MZ Amsterdam,86 m²,3 rooms,Available in consultation,"€ 1,000 p/mo."
Cornelis van Rijplantsoen 75,1063 MD Amsterdam,105 m²,5 rooms,Available on 7/1/2022,"€ 1,899 p/mo."
Haparandaweg 904,1013 BD Amsterdam,80 m²,3 rooms,Available on 7/1/2022,"€ 1,900 p/mo."
Prinseneiland 27 D,1013 LL Amsterdam,83 m²,3 rooms,Available on 6/1/2022,"€ 2,350 p/mo."
Nieuwezijds Voorburgwal 329 B,1012 RM Amsterdam,76 m²,3 rooms,Available on 6/19/2022,"€ 1,999 p/mo."
Oosterdokskade 25 + PP,1011 DL Amsterdam,100 m²,2 rooms,Available in consultation,"€ 3,000 p/mo."
Memeleiland 19,1014 ZL Amsterdam,87 m²,3 rooms,Available on 7/1/2022,"€ 1,950 p/mo."
Turnhoutplantsoen 128,1066 NW Amsterdam,120 m²,4 rooms,Available on 6/17/2022,"€ 1,700 p/mo."
Gerard Doustraat 161 E,1073 VW Amsterdam,74 m²,2 rooms,Available immediately,"€ 2,650 p/mo."
Nieuwe Achtergracht 51 hs,1018 WK Amsterdam,78 m²,4 rooms,Available in consultation,"€ 2,800 p/mo."
Deurloostraat 102 -1,1078 JJ Amsterdam,80 m²,3 rooms,Available immediately,"€ 2,100 p/mo."
Pijnackerstraat 24 3,1072 JV Amsterdam,69 m²,3 rooms,Available in consultation,"€ 2,100 p/mo."
Montelbaanstraat 15 1,1011 EG Amsterdam,55 m²,3 rooms,Available in consultation,"€ 1,750 p/mo."
Pieter Aertszstraat 60 4,1073 SR Amsterdam,50 m²,3 rooms,Available in consultation,"€ 1,700 p/mo."
Tweede Atjehstraat 8 C,1094 LE Amsterdam,78 m²,3 rooms,Available in consultation,"€ 1,775 p/mo."
Valkenstein 82,1082 BR Amsterdam,78 m²,4 rooms,Available in consultation,"€ 1,900 p/mo."
Sarphatistraat 193 3,1018 GH Amsterdam,64 m²,2 rooms,Available in consultation,"€ 1,450 p/mo."
Wamelstraat 20,1106 DL Amsterdam,62 m²,2 rooms,Available in consultation,"€ 1,500 p/mo."
Beethovenstraat 143 III,1077 JC Amsterdam,75 m²,3 rooms,Available in consultation,"€ 1,850 p/mo."
Eerste Jan van der Heijdenstraat 124 H,1072 VC Amsterdam,150 m²,6 rooms,Available on 6/1/2022,"€ 6,500 p/mo."
Beulingstraat 4 A,1017 BA Amsterdam,80 m²,2 rooms,Available on 6/17/2022,"€ 1,975 p/mo."
David Ricardostraat 438,1066 LH Amsterdam,49 m²,2 rooms,Available on 6/1/2022,€ 982 p/mo.
Gerard Doustraat 165 E,1073 VW Amsterdam,74 m²,2 rooms,Available immediately,"€ 2,700 p/mo."
Reguliersdwarsstraat 46 D,1017 BM Amsterdam,97 m²,3 rooms,Available immediately,"€ 3,100 p/mo."
Driekoningenstraat 5 III,1016 AL Amsterdam,58 m²,2 rooms,Available in consultation,"€ 1,650 p/mo."
Frederiksplein 26 A,1017 XN Amsterdam,140 m²,3 rooms,Available immediately,"€ 3,450 p/mo."
Bloemgracht 10 hs,1015 TH Amsterdam,75 m²,3 rooms,Available on 6/1/2022,"€ 2,450 p/mo."
Valeriusplein 14 A,1075 BH Amsterdam,138 m²,5 rooms,Available in consultation,"€ 5,300 p/mo."
De Boelelaan 285,1082 RC Amsterdam,83 m²,3 rooms,Available in consultation,"€ 1,750 p/mo."
Nieuwendammerdijk 234 A,1025 LW Amsterdam,104 m²,4 rooms,Available immediately,"€ 2,175 p/mo."
Reguliersgracht 93 B,1017 LN Amsterdam,130 m²,3 rooms,Available immediately,"€ 3,900 p/mo."
Tasmanstraat 371,1013 RA Amsterdam,65 m²,3 rooms,Available in consultation,"€ 1,550 p/mo."
Laurierstraat 105,1016 PL Amsterdam,120 m²,4 rooms,Available in consultation,"€ 3,600 p/mo."
Lijnbaansgracht 162 d,1016 VX Amsterdam,178 m²,2 rooms,Available on 8/1/2022,"€ 7,500 p/mo."
Wiborgeiland 118,1014 ZC Amsterdam,170 m²,6 rooms,Available immediately,"€ 4,250 p/mo."
Koningslaan 24 B,1075 AD Amsterdam,93 m²,3 rooms,Available on 6/1/2022,"€ 3,950 p/mo."
Reestraat 21 1,1016 DM Amsterdam,115 m²,2 rooms,Available immediately,"€ 2,295 p/mo."
Keizersgracht 385 B,1016 EJ Amsterdam,300 m²,5 rooms,Available in consultation,"€ 9,750 p/mo."
Keizersgracht 738 B,1017 EX Amsterdam,142 m²,2 rooms,Available immediately,"€ 3,500 p/mo."
Geldersekade 117,1011 EN Amsterdam,60 m²,2 rooms,Available in consultation,"€ 1,775 p/mo."
Iwan Kantemanplein 4,1060 RM Amsterdam,140 m²,4 rooms,Available in consultation,"€ 2,500 p/mo."
Piet Zwarthof 63,1087 AX Amsterdam,120 m²,4 rooms,Available on 8/1/2022,"€ 2,500 p/mo."
Vondelstraat 48,1054 GE Amsterdam,388 m²,7 rooms,Available in consultation,"€ 9,250 p/mo."
Ank van der Moerstraat 21,1065 LH Amsterdam,185 m²,5 rooms,Available on 8/1/2022,"€ 3,500 p/mo."
Tuinstraat 224 Hs,1015 PK Amsterdam,145 m²,5 rooms,Available on 6/1/2022,"€ 3,500 p/mo."
Adelaarsweg 7,1021 BM Amsterdam,180 m²,7 rooms,Available immediately,"€ 3,500 p/mo."
Nederhoven 4,1083 AN Amsterdam,173 m²,7 rooms,Available immediately,"€ 3,750 p/mo."
Koninginneweg 206 huis,1075 EK Amsterdam,164 m²,6 rooms,Available in consultation,"€ 4,950 p/mo."
Jaap Speyerstraat 6,1087 MK Amsterdam,90 m²,3 rooms,Available in consultation,"€ 2,500 p/mo."
Jisperveldstraat 55,1024 AB Amsterdam,101 m²,3 rooms,Available on 7/1/2022,"€ 1,850 p/mo."
Kanaalstraat 57 hs,1054 XA Amsterdam,55 m²,2 rooms,Available in consultation,"€ 1,350 p/mo."
Lijnbaansgracht 91 D,1015 GZ Amsterdam,55 m²,2 rooms,Available on 6/18/2022,"€ 2,250 p/mo."
Rietwijkerstraat 70 2,1059 XC Amsterdam,90 m²,5 rooms,Available on 7/1/2022,"€ 2,450 p/mo."
Oudezijds Voorburgwal 217 E,1012 EX Amsterdam,148 m²,3 rooms,Available immediately,"€ 2,500 p/mo."
ms. van Riemsdijkweg 98,1033 RD Amsterdam,50 m²,3 rooms,Available on 7/1/2022,"€ 1,171 p/mo."
Van Breestraat 69 I,1071 ZG Amsterdam,70 m²,3 rooms,Available on 6/1/2022,"€ 2,350 p/mo."
VOC-kade 78,1018 LG Amsterdam,88 m²,4 rooms,Available on 6/6/2022,"€ 3,000 p/mo."
Van Ostadestraat 186 3,1072 TH Amsterdam,95 m²,5 rooms,Available in consultation,"€ 2,250 p/mo."
Emmastraat 8 2,1075 HT Amsterdam,65 m²,3 rooms,Available immediately,"€ 1,950 p/mo."
Backershagen 13,1082 GR Amsterdam,129 m²,4 rooms,Available in consultation,"€ 2,400 p/mo."
G.J. Scheurleerweg 75,1025 MZ Amsterdam,86 m²,3 rooms,Available in consultation,€ 950 p/mo.
Hudsonstraat 52 2,1057 SN Amsterdam,87 m²,4 rooms,Available on 7/1/2022,"€ 2,200 p/mo."
Sint Luciënsteeg 17 C,1012 PM Amsterdam,47 m²,2 rooms,Available on 6/23/2022,"€ 1,700 p/mo."
Tweede Jacob van Campenstraat 148 E,1073 XZ Amsterdam,51 m²,2 rooms,Available immediately,"€ 2,150 p/mo."
Van Baerlestraat 92 B,1071 BB Amsterdam,45 m²,2 rooms,Available immediately,"€ 1,900 p/mo."
Groenhoven 162,1103 LC Amsterdam,52 m²,2 rooms,Available in consultation,"€ 1,400 p/mo."
Van Bossestraat 82 1,1051 KB Amsterdam,80 m²,3 rooms,Available on 7/4/2022,"€ 1,775 p/mo."
Wilhelminastraat 129 A,1054 WB Amsterdam,84 m²,3 rooms,Available on 7/1/2022,"€ 2,650 p/mo."
Ferdinand Bolstraat 61 K,1072 LC Amsterdam,86 m²,3 rooms,Available on 7/1/2022,"€ 2,650 p/mo."
Haarlemmerweg 239 A,1051 NV Amsterdam,119 m²,4 rooms,Available on 6/1/2022,"€ 2,500 p/mo."
Gerard Doustraat 173,1073 VW Amsterdam,46 m²,2 rooms,Available immediately,"€ 2,050 p/mo."
Plantage Parklaan 5 hs,1018 SP Amsterdam,125 m²,4 rooms,Available on 6/1/2022,"€ 3,250 p/mo."
Huidekoperstraat 11,1017 ZL Amsterdam,110 m²,4 rooms,Available in consultation,"€ 3,250 p/mo."
Voetboogstraat 21 3,1012 XK Amsterdam,40 m²,2 rooms,Available in consultation,"€ 1,600 p/mo."
Eerste Tuindwarsstraat 8 H,1015 RV Amsterdam,128 m²,5 rooms,Available immediately,"€ 2,850 p/mo."
Plantage Doklaan 29,1018 CM Amsterdam,86 m²,3 rooms,Available on 6/1/2022,"€ 2,000 p/mo."
Prinsengracht 209 D,1015 DT Amsterdam,90 m²,3 rooms,Available immediately,"€ 2,700 p/mo."
Frederiksplein 40 B,1017 XN Amsterdam,125 m²,3 rooms,Available on 6/1/2022,"€ 3,400 p/mo."
Frans van Mierisstraat 56 -HS,1071 RW Amsterdam,142 m²,4 rooms,Available in consultation,"€ 3,450 p/mo."
Vondelstraat 68 3,1054 GG Amsterdam,127 m²,3 rooms,Available in consultation,"€ 4,500 p/mo."
Van Speijkstraat 135 I,1057 GV Amsterdam,71 m²,3 rooms,Available on 6/1/2022,"€ 2,000 p/mo."
Ruysdaelstraat 48 E,1071 XE Amsterdam,93 m²,3 rooms,Available in consultation,"€ 2,900 p/mo."
Céramiquelaan 489,1031 KG Amsterdam,84 m²,3 rooms,Available in consultation,"€ 1,640 p/mo."
Prinsengracht 299 D,1016 GX Amsterdam,92 m²,3 rooms,Available in consultation,"€ 3,500 p/mo."
Van Eeghenstraat 43 B,1071 EV Amsterdam,74 m²,3 rooms,Available on 7/1/2022,"€ 2,750 p/mo."
Plantage Kerklaan 1 -2,1018 SX Amsterdam,90 m²,3 rooms,Available on 6/1/2022,"€ 2,950 p/mo."
Bolestein 362,1081 EE Amsterdam,94 m²,3 rooms,Available on 8/1/2022,"€ 1,800 p/mo."
De Lairessestraat 116 I,1071 PK Amsterdam,100 m²,3 rooms,Available on 6/1/2022,"€ 2,900 p/mo."
Prinsengracht 10 3,1015 DV Amsterdam,125 m²,5 rooms,Available immediately,"€ 3,500 p/mo."
Tweede Constantijn Huygensstraat 52 1,1054 CV Amsterdam,125 m²,4 rooms,Available immediately,"€ 3,000 p/mo."
Laan der Hesperiden 158,1076 DX Amsterdam,128 m²,4 rooms,Available on 6/4/2022,"€ 2,415 p/mo."
Apollolaan 119 2,1077 AP Amsterdam,100 m²,4 rooms,Available immediately,"€ 4,500 p/mo."
Wanningstraat 17 hs,1071 LA Amsterdam,145 m²,3 rooms,Available immediately,"€ 3,500 p/mo."
Wouwermanstraat 27 II,1071 LV Amsterdam,210 m²,5 rooms,Available immediately,"€ 4,750 p/mo."
Sumatrakade 1107,1019 RG Amsterdam,79 m²,2 rooms,Available immediately,"€ 1,365 p/mo."
J.J. Viottastraat 32 II,1071 JS Amsterdam,109 m²,3 rooms,Available in consultation,"€ 3,250 p/mo."
Teilingen 137,1082 JS Amsterdam,262 m²,3 rooms,Available immediately,"€ 5,500 p/mo."
Beulingstraat 2 B,1017 BA Amsterdam,120 m²,3 rooms,Available immediately,"€ 3,300 p/mo."
Amstelveenseweg 122 A21,1075 XL Amsterdam,70 m²,3 rooms,Available immediately,"€ 2,150 p/mo."
Stokerkade 12,1019 XA Amsterdam,97 m²,4 rooms,Available on 7/19/2022,"€ 1,620 p/mo."
Leidsegracht 81,1017 NC Amsterdam,120 m²,3 rooms,Available on 6/1/2022,"€ 2,750 p/mo."
Schokkerspad 16 + PP,1081 KR Amsterdam,95 m²,3 rooms,Available on 7/1/2022,"€ 2,250 p/mo."
R.J.H. Fortuynstraat 109,1019 WK Amsterdam,87 m²,2 rooms,Available immediately,"€ 1,390 p/mo."
Honingen 3,1083 JP Amsterdam,100 m²,4 rooms,Available on 7/1/2022,"€ 2,250 p/mo."
Kleiburg 1027,1104 EA Amsterdam,78 m²,3 rooms,Available immediately,"€ 1,500 p/mo."
Hasebroekstraat 12 2,1053 CT Amsterdam,49 m²,2 rooms,Available on 6/1/2022,"€ 1,495 p/mo."
Apollolaan 53 2,1077 AE Amsterdam,125 m²,3 rooms,Available immediately,"€ 2,750 p/mo."
Groenburgwal 24 D,1011 HW Amsterdam,60 m²,2 rooms,Available immediately,"€ 2,250 p/mo."
Groenburgwal 33,1011 HS Amsterdam,125 m²,4 rooms,Available on 6/1/2022,"€ 3,500 p/mo."
Waterkeringweg 159,1051 NZ Amsterdam,75 m²,3 rooms,Available immediately,"€ 2,150 p/mo."
Distelweg 305,1031 HD Amsterdam,87 m²,3 rooms,Available on 6/21/2022,"€ 2,650 p/mo."
Overtoom 394 2,1054 JS Amsterdam,70 m²,3 rooms,Available on 6/1/2022,"€ 1,850 p/mo."
Mary van der Sluisstraat 342,1095 ME Amsterdam,75 m²,3 rooms,Available in consultation,"€ 2,750 p/mo."
Apollolaan 117 2,1077 AP Amsterdam,100 m²,4 rooms,Available in consultation,"€ 4,500 p/mo."
Jan van Zutphenstraat 669,1069 RS Amsterdam,66 m²,3 rooms,Available immediately,"€ 2,000 p/mo."
Houthavenkade 124,1014 ZB Amsterdam,50 m²,2 rooms,Available on 6/1/2022,"€ 1,875 p/mo."
Geldersekade 50 A,1012 BJ Amsterdam,90 m²,2 rooms,Available in consultation,"€ 2,150 p/mo."
Gustav Mahlerlaan 931,1082 MK Amsterdam,110 m²,3 rooms,Available on 7/1/2022,"€ 3,400 p/mo."
Omval 118,1096 HW Amsterdam,110 m²,3 rooms,Available on 6/1/2022,"€ 2,750 p/mo."
Amstelveenseweg 198 -I,1075 XS Amsterdam,75 m²,3 rooms,Available on 7/1/2022,"€ 2,450 p/mo."
Jan van Zutphenstraat 585,1069 RS Amsterdam,110 m²,3 rooms,Available immediately,"€ 2,500 p/mo."
Javakade 388,1019 SB Amsterdam,110 m²,4 rooms,Available on 7/21/2022,"€ 1,720 p/mo."
Van Beuningenplein 178,1051 XA Amsterdam,87 m²,4 rooms,Available on 7/1/2022,"€ 2,600 p/mo."
Noorderstraat 121 3,1017 TT Amsterdam,95 m²,3 rooms,Available on 6/1/2022,"€ 2,950 p/mo."
Slotermeerlaan 41,1064 GZ Amsterdam,85 m²,4 rooms,Available on 7/1/2022,"€ 1,950 p/mo."
KNSM-laan 355,1019 LG Amsterdam,86 m²,3 rooms,Available on 6/1/2022,"€ 1,850 p/mo."
Uiterwaardenstraat 102 3,1079 CG Amsterdam,121 m²,5 rooms,Available on 6/1/2022,"€ 2,050 p/mo."
Sumatrakade 101,1019 PJ Amsterdam,97 m²,4 rooms,Available immediately,"€ 1,545 p/mo."
Eerste Schinkelstraat 9 III,1075 TV Amsterdam,84 m²,3 rooms,Available in consultation,"€ 2,450 p/mo."
Minervalaan 72 HS,1077 PG Amsterdam,130 m²,3 rooms,Available immediately,"€ 5,700 p/mo."
Westerdoksdijk 41,1013 AD Amsterdam,139 m²,3 rooms,Available immediately,"€ 2,550 p/mo."
Albrecht Dürerstraat 1 I,1077 LS Amsterdam,130 m²,5 rooms,Available immediately,"€ 2,850 p/mo."
Sumatrakade 1127,1019 RG Amsterdam,97 m²,4 rooms,Available immediately,"€ 1,555 p/mo."
Saxen-Weimarlaan 12 a,1075 CB Amsterdam,86 m²,4 rooms,Available in consultation,"€ 2,250 p/mo."
Thomas van Aquinostraat 9,1064 NE Amsterdam,83 m²,4 rooms,Available on 6/1/2022,"€ 2,150 p/mo."
David Ricardostraat 102,1066 LH Amsterdam,133 m²,4 rooms,Available on 6/1/2022,"€ 1,502 p/mo."
Stuurmankade 150,1019 WC Amsterdam,102 m²,4 rooms,Available immediately,"€ 1,625 p/mo."
Zennehof 23,1066 WT Amsterdam,119 m²,4 rooms,Available immediately,"€ 2,150 p/mo."
Johannes Meewisstraat 51,1063 CG Amsterdam,,,Available immediately,€ 260 p/mo.
Van Speijkstraat,1057 GK Amsterdam,,,Available in consultation,€ 135 p/mo.
Wijdesteeg,1012 RN Amsterdam,,,Available immediately,€ 550 p/mo.
Wibautstraat 212,1091 GS Amsterdam,,,Available immediately,€ 250 p/mo.
Galgenstraat 11 III,1013 LT Amsterdam,75 m²,3 rooms,Available on 6/25/2022,"€ 2,250 p/mo."
Charlotte de Bourbonstraat 37 3,1055 WS Amsterdam,55 m²,3 rooms,Available on 6/1/2022,"€ 1,575 p/mo."
R.J.H. Fortuynplein 72,1019 WL Amsterdam,90 m²,4 rooms,Available immediately,"€ 1,435 p/mo."
Van Breestraat 69 I,1071 ZG Amsterdam,70 m²,3 rooms,Available in consultation,"€ 2,350 p/mo."
Herengracht 193 B,1016 BE Amsterdam,100 m²,3 rooms,Available immediately,"€ 2,995 p/mo."
Dufaystraat 9 B,1075 GS Amsterdam,70 m²,3 rooms,Available on 6/1/2022,"€ 2,650 p/mo."
Prinsengracht 145 N,1015 DR Amsterdam,75 m²,3 rooms,Available immediately,"€ 2,150 p/mo."
Adelaarsweg 13,1021 BM Amsterdam,90 m²,4 rooms,Available on 6/1/2022,"€ 2,250 p/mo."
Van Beuningenplein 162,1051 XA Amsterdam,87 m²,3 rooms,Available immediately,"€ 2,595 p/mo."
Raamstraat 33 L,1016 XL Amsterdam,62 m²,3 rooms,Available in consultation,"€ 3,500 p/mo."
Daniël Stalpertstraat 35 F,1072 XA Amsterdam,60 m²,2 rooms,Available immediately,"€ 2,150 p/mo."
Leerdamhof 279,1108 BZ Amsterdam,77 m²,4 rooms,Available immediately,"€ 1,115 p/mo."
Van Ostadestraat 114 D,1072 TC Amsterdam,40 m²,2 rooms,Available in consultation,"€ 1,750 p/mo."
Kraanspoor 3 L5,1033 SC Amsterdam,60 m²,3 rooms,Available on 7/9/2022,"€ 1,055 p/mo."
Van Middellandtstraat 1,1057 AP Amsterdam,55 m²,2 rooms,Available on 6/1/2022,"€ 1,525 p/mo."
Madelievenstraat 11,1015 NV Amsterdam,95 m²,3 rooms,Available immediately,"€ 3,000 p/mo."
Emmy Andriessestraat 462,1087 NE Amsterdam,105 m²,3 rooms,Available on 6/1/2022,"€ 1,616 p/mo."
Koningin Wilhelminaplein 742,1062 KS Amsterdam,80 m²,3 rooms,Available immediately,"€ 1,795 p/mo."
Carnapstraat 16 A,1062 KT Amsterdam,73 m²,2 rooms,Available immediately,"€ 1,555 p/mo."
Galantstraat 57,1103 SH Amsterdam,89 m²,3 rooms,Available immediately,"€ 2,000 p/mo."
Bilderdijkkade 54 E,1053 VN Amsterdam,102 m²,3 rooms,Available immediately,"€ 3,500 p/mo."
Koningsplein 10 C,1017 BB Amsterdam,131 m²,5 rooms,Available immediately,"€ 3,350 p/mo."
Bos en Lommerplantsoen 93 N,1055 AA Amsterdam,30 m²,1 room,Available on 7/1/2022,"€ 1,275 p/mo."
George Gershwinlaan 119,1082 MT Amsterdam,187 m²,3 rooms,Available immediately,"€ 4,150 p/mo."
Spangenhof 27,1083 JJ Amsterdam,87 m²,2 rooms,Available immediately,"€ 1,280 p/mo."
Ingenhouszhof 80,1097 GL Amsterdam,35 m²,1 room,,€ 764 p/mo.
Koningin Wilhelminaplein 714,1062 KS Amsterdam,64 m²,2 rooms,Available immediately,"€ 1,565 p/mo."
"Zeeburgerkade 532 ,",1019 HR Amsterdam,107 m²,4 rooms,Available immediately,"€ 2,000 p/mo."
Koningin Wilhelminaplein 754,1062 KS Amsterdam,64 m²,2 rooms,Available immediately,"€ 1,585 p/mo."
Westerstraat 121 2,1015 LZ Amsterdam,74 m²,2 rooms,Available in consultation,"€ 2,400 p/mo."
Westerstraat 121 H,1015 LZ Amsterdam,51 m²,2 rooms,Available in consultation,"€ 1,950 p/mo."
H. Gerhardstraat 130,1069 TD Amsterdam,59 m²,2 rooms,Available immediately,"€ 1,600 p/mo."
Keizersgracht 111 -D,1015 CJ Amsterdam,160 m²,5 rooms,Available on 6/1/2022,"€ 3,000 p/mo."
Krijn Taconiskade 116,1087 HV Amsterdam,192 m²,4 rooms,Available in consultation,"€ 2,665 p/mo."
Uiterwaardenstraat 61 H,1079 BS Amsterdam,56 m²,2 rooms,Available immediately,"€ 1,750 p/mo."
Koningin Wilhelminaplein 240,1062 KS Amsterdam,90 m²,3 rooms,Available immediately,"€ 2,050 p/mo."
Koningin Wilhelminaplein 284,1062 KS Amsterdam,105 m²,4 rooms,Available immediately,"€ 2,150 p/mo."
Rosy Wertheimstraat,1082 MZ Amsterdam,,,Available immediately,€ 350 p/mo.
Feike de Boerlaan 199,1019 WG Amsterdam,118 m²,4 rooms,Available on 6/1/2022,"€ 1,705 p/mo."
Gerrit van der Veenstraat 85,1077 DT Amsterdam,270 m²,11 rooms,Available immediately,"€ 7,500 p/mo."
Herengracht 294,1016 BX Amsterdam,240 m²,10 rooms,Available immediately,"€ 4,950 p/mo."
A. Reitsmakade 17,1060 RJ Amsterdam,140 m²,5 rooms,Available immediately,"€ 3,000 p/mo."
Distelweg 235,1031 HD Amsterdam,64 m²,3 rooms,Available immediately,"€ 1,683 p/mo."
Zuidelijke Wandelweg 139,1079 RK Amsterdam,64 m²,2 rooms,Available on 6/1/2022,"€ 1,900 p/mo."
Bloemgracht 169 A1,1016 KN Amsterdam,80 m²,2 rooms,Available on 6/28/2022,"€ 2,350 p/mo."
Hellingbaan 290,1033 DB Amsterdam,129 m²,4 rooms,Available in consultation,"€ 3,247 p/mo."
Hellingbaan 198,1033 DB Amsterdam,129 m²,4 rooms,Available in consultation,"€ 2,654 p/mo."
Hellingbaan 420,1033 DB Amsterdam,89 m²,2 rooms,Available in consultation,"€ 1,694 p/mo."
Hellingbaan 4,1033 DB Amsterdam,63 m²,2 rooms,Available in consultation,"€ 1,265 p/mo."
Hellingbaan 52,1033 DB Amsterdam,64 m²,2 rooms,Available in consultation,"€ 1,568 p/mo."
Hellingbaan 306,1033 DB Amsterdam,71 m²,2 rooms,Available in consultation,"€ 1,487 p/mo."
Van Speijkstraat 132 III,1057 HJ Amsterdam,71 m²,3 rooms,Available immediately,"€ 2,350 p/mo."
Saxen-Weimarlaan 18 3,1075 CB Amsterdam,85 m²,3 rooms,Available immediately,"€ 2,450 p/mo."
Corellistraat 3 II,1077 HA Amsterdam,113 m²,3 rooms,Available in consultation,"€ 2,750 p/mo."
Koningin Wilhelminaplein 642,1062 KS Amsterdam,64 m²,2 rooms,Available immediately,"€ 1,555 p/mo."
Kruitberghof 76,1104 BC Amsterdam,101 m²,3 rooms,Available on 9/1/2022,"€ 1,450 p/mo."
J.F. van Hengelstraat 35,1019 TB Amsterdam,90 m²,3 rooms,Available immediately,"€ 2,150 p/mo."
Carillonstraat 85,1074 BD Amsterdam,91 m²,4 rooms,Available in consultation,"€ 1,500 p/mo."
Kiekstraat 31,1087 GK Amsterdam,130 m²,4 rooms,Available on 7/1/2022,"€ 2,000 p/mo."
Tweede Jacob van Campenstraat 42,1073 XT Amsterdam,83 m²,4 rooms,Available in consultation,"€ 1,650 p/mo."
Stadionweg 162 A,1077 TB Amsterdam,125 m²,4 rooms,Available in consultation,"€ 3,000 p/mo."
Winterdijkstraat 38 -3,1079 GV Amsterdam,102 m²,6 rooms,Available immediately,"€ 2,250 p/mo."
Jan de Jonghkade 46,1063 MH Amsterdam,92 m²,3 rooms,Available immediately,"€ 2,250 p/mo."
Veembroederhof 146,1019 HC Amsterdam,92 m²,3 rooms,Available immediately,"€ 2,500 p/mo."
Pontsteiger 321,1014 ZP Amsterdam,118 m²,3 rooms,Available on 6/1/2022,"€ 2,180 p/mo."
Stolwijkstraat 33 2,1059 XT Amsterdam,55 m²,3 rooms,Available immediately,"€ 1,850 p/mo."
Stadionplein 168,1076 CK Amsterdam,90 m²,3 rooms,Available on 6/1/2022,"€ 1,915 p/mo."
Sumatrakade 1193,1019 RJ Amsterdam,99 m²,3 rooms,Available on 5/27/2022,"€ 1,580 p/mo."
Keizersgracht 217 g,1016 DT Amsterdam,160 m²,4 rooms,Available immediately,"€ 3,250 p/mo."
Van Leijenberghlaan 4 K,1082 GM Amsterdam,135 m²,3 rooms,Available immediately,"€ 2,950 p/mo."
Cornelis Vermuydenstraat 33,1018 RN Amsterdam,78 m²,3 rooms,Available immediately,"€ 1,663 p/mo."
Gustav Mahlerlaan 489,1082 MK Amsterdam,100 m²,3 rooms,Available in consultation,"€ 1,870 p/mo."
Gustav Mahlerplein 194,1082 MA Amsterdam,77 m²,3 rooms,Available in consultation,"€ 1,780 p/mo."
Pontsteiger 79,1014 ZP Amsterdam,98 m²,3 rooms,Available on 7/1/2022,"€ 2,180 p/mo."
Valkenburgerstraat 103 PP2,1011 MH Amsterdam,,,Available on 6/1/2022,€ 245 p/mo.
Pontsteiger 234,1014 ZP Amsterdam,115 m²,3 rooms,Available immediately,"€ 2,180 p/mo."
Oeverpad 280,1068 PJ Amsterdam,96 m²,3 rooms,Available on 8/1/2022,"€ 1,495 p/mo."
Ruysdaelstraat 44 PP,1071 XE Amsterdam,,,Available in consultation,€ 390 p/mo.
Hoofddorpplein 3 A,1059 CV Amsterdam,110 m²,4 rooms,Available immediately,"€ 2,700 p/mo."
Molenwerf 10 B4,1014 BG Amsterdam,65 m²,2 rooms,Available immediately,"€ 1,210 p/mo."
Bercylaan 17,1031 KP Amsterdam,92 m²,3 rooms,Available immediately,"€ 1,607 p/mo."
Oeverpad 382,1068 PL Amsterdam,90 m²,3 rooms,Available on 7/1/2022,"€ 1,525 p/mo."
Dr. H. Colijnstraat 634,1067 CP Amsterdam,104 m²,4 rooms,Available immediately,"€ 1,225 p/mo."
Javakade 92,1019 RV Amsterdam,114 m²,3 rooms,Available immediately,"€ 2,150 p/mo."
Tweede Helmersstraat 30 2,1054 CK Amsterdam,55 m²,2 rooms,Available on 6/1/2022,"€ 1,700 p/mo."
Spuistraat 277 1,1012 VR Amsterdam,74 m²,3 rooms,Available immediately,"€ 1,775 p/mo."
Bert Haanstrakade 692,1087 HJ Amsterdam,87 m²,3 rooms,Available in consultation,"€ 1,255 p/mo."
Staalmeesterslaan 376,1057 PG Amsterdam,85 m²,4 rooms,Available immediately,"€ 1,407 p/mo."
Staalmeesterslaan 330,1057 PC Amsterdam,85 m²,4 rooms,Available immediately,"€ 1,376 p/mo."
Staalmeesterslaan 257,1057 NZ Amsterdam,105 m²,5 rooms,Available immediately,"€ 1,452 p/mo."
Oeverpad 260,1068 PJ Amsterdam,90 m²,3 rooms,Available on 8/1/2022,"€ 1,425 p/mo."
Dijkgraafplein 303,1069 ES Amsterdam,100 m²,4 rooms,Available immediately,"€ 2,300 p/mo."
Rijnlandlaan 103,1062 MX Amsterdam,92 m²,3 rooms,Available immediately,"€ 1,665 p/mo."
Grasweg 346,1031 HX Amsterdam,69 m²,3 rooms,Available immediately,"€ 1,630 p/mo."
Grasweg 238,1031 HX Amsterdam,50 m²,2 rooms,Available immediately,"€ 1,207 p/mo."
Grasweg 254,1031 HX Amsterdam,74 m²,4 rooms,Available immediately,"€ 1,740 p/mo."
Keizersgracht 139 4l,1015 CK Amsterdam,44 m²,3 rooms,Available in consultation,"€ 1,850 p/mo."
Sumatrakade 1121,1019 RG Amsterdam,97 m²,4 rooms,Available immediately,"€ 1,545 p/mo."
Uiterwaardenstraat 61 hs,1079 BS Amsterdam,60 m²,3 rooms,Available immediately,"€ 1,750 p/mo."
Keizersgracht 139 3LV,1015 CK Amsterdam,57 m²,3 rooms,Available in consultation,"€ 1,950 p/mo."
Domela Nieuwenhuisstraat 114,1069 SR Amsterdam,100 m²,4 rooms,Available immediately,"€ 2,500 p/mo."
Frederiksplein 24 HS,1017 XM Amsterdam,91 m²,2 rooms,Available immediately,"€ 2,650 p/mo."
Nieuwezijds Voorburgwal 286 C,1012 RT Amsterdam,180 m²,4 rooms,Available immediately,"€ 5,000 p/mo."
Anielewiczsingel 9,1069 NE Amsterdam,98 m²,5 rooms,Available in consultation,"€ 1,064 p/mo."
Keizersgracht 14,1015 CP Amsterdam,65 m²,2 rooms,Available immediately,"€ 2,150 p/mo."
Raphaëlplein 21,1077 PW Amsterdam,250 m²,4 rooms,Available on 6/6/2022,"€ 7,000 p/mo."
De Wittenkade 144 H,1051 AM Amsterdam,55 m²,2 rooms,Available on 6/1/2022,"€ 1,800 p/mo."
Burgemeester Vening Meineszlaan 51,1063 AX Amsterdam,89 m²,5 rooms,Available in consultation,"€ 1,064 p/mo."
Eurokade 20,1060 RZ Amsterdam,145 m²,6 rooms,Available immediately,"€ 2,395 p/mo."
Amstel 49,1011 PW Amsterdam,125 m²,4 rooms,Available immediately,"€ 5,500 p/mo."
Wittenburgergracht 313,1018 ZL Amsterdam,395 m²,8 rooms,Available on 8/1/2022,"€ 6,000 p/mo."
Huntum 44 f,1102 JD Amsterdam,,,Available immediately,€ 148 p/mo.
Wenslauerstraat 5,1053 AV Amsterdam,51 m²,2 rooms,Available in consultation,"€ 1,400 p/mo."
Teilingen 91,1082 JR Amsterdam,130 m²,3 rooms,Available in consultation,"€ 2,450 p/mo."
Karspeldreef 1183,1104 SE Amsterdam,78 m²,3 rooms,Available on 7/1/2022,"€ 1,295 p/mo."
Oeverpad 290,1068 PJ Amsterdam,90 m²,3 rooms,Available on 10/1/2022,"€ 1,450 p/mo."
Kruitberghof 102,1104 BC Amsterdam,53 m²,2 rooms,Available on 7/1/2022,"€ 1,295 p/mo."
Leusdenhof 373,1108 DV Amsterdam,88 m²,3 rooms,Available on 7/1/2022,"€ 1,325 p/mo."
Kruitberghof 88,1104 BC Amsterdam,103 m²,5 rooms,Available on 7/1/2022,"€ 1,550 p/mo."
van Hallstraat,1051 RL Amsterdam,,,Available in consultation,€ 180 p/mo.
Karspeldreef 1415,1104 SE Amsterdam,53 m²,2 rooms,Available on 9/1/2022,"€ 1,295 p/mo."
Pantograafstraat 16,1019 XX Amsterdam,95 m²,3 rooms,Available immediately,"€ 1,720 p/mo."
Céramiquelaan 437,1031 KG Amsterdam,84 m²,3 rooms,Available immediately,"€ 1,615 p/mo."
Frederik Hendrikstraat 21 1,1052 HJ Amsterdam,80 m²,3 rooms,Available in consultation,"€ 2,500 p/mo."
Oostenburgermiddenstraat 349,1018 LH Amsterdam,45 m²,2 rooms,,"€ 1,040 p/mo."
Oostenburgermiddenstraat 309,1018 LH Amsterdam,66 m²,3 rooms,,"€ 1,533 p/mo."
Soerapatistraat 91,1018 PN Amsterdam,45 m²,1 room,,"€ 1,065 p/mo."
Soerapatistraat 95,1018 PN Amsterdam,89 m²,3 rooms,,"€ 1,885 p/mo."
Soerapatistraat 127,1018 PN Amsterdam,49 m²,2 rooms,,"€ 1,260 p/mo."
Soerapatistraat 117,1018 PN Amsterdam,63 m²,3 rooms,,"€ 1,418 p/mo."
Eva Besnyöstraat 328,1087 LM Amsterdam,97 m²,3 rooms,Available in consultation,"€ 1,305 p/mo."
Spuistraat 3 -4F,1012 SP Amsterdam,49 m²,2 rooms,Available in consultation,"€ 1,850 p/mo."
Binnenkadijk 457,1018 AX Amsterdam,81 m²,3 rooms,Available in consultation,€ 920 p/mo.
Jaagpad 8,1059 BN Amsterdam,160 m²,3 rooms,Available on 8/1/2022,"€ 3,200 p/mo."
Binnenkadijk 441,1018 AX Amsterdam,54 m²,2 rooms,Available in consultation,€ 920 p/mo.
Binnenkadijk 375,1018 AX Amsterdam,73 m²,3 rooms,Available in consultation,€ 920 p/mo.
Vondelstraat 178 3,1054 GW Amsterdam,180 m²,6 rooms,Available on 6/16/2022,"€ 3,950 p/mo."
Willem Augustinstraat 101,1061 MJ Amsterdam,92 m²,3 rooms,Available in consultation,"€ 1,325 p/mo."
Bos en Lommerplantsoen 97 P,1055 AA Amsterdam,30 m²,1 room,Available on 6/1/2022,"€ 1,350 p/mo."
Dr. J.A. Ringersstraat 58,1067 DG Amsterdam,91 m²,3 rooms,Available in consultation,"€ 1,200 p/mo."
Bankastraat 24 -E,1094 EE Amsterdam,70 m²,5 rooms,Available in consultation,"€ 1,575 p/mo."
Bijlmerdreef 458,1102 AC Amsterdam,124 m²,5 rooms,Available in consultation,"€ 1,450 p/mo."
Prins Hendrikkade 162 g,1011 TB Amsterdam,90 m²,2 rooms,Available on 7/1/2022,"€ 1,950 p/mo."
Graafschapstraat 236,1079 PE Amsterdam,55 m²,2 rooms,Available immediately,"€ 1,675 p/mo."
Minervaplein 11 B,1077 TH Amsterdam,80 m²,2 rooms,Available on 8/1/2022,"€ 2,150 p/mo."
Burgemeester Hogguerstraat 275,1064 CP Amsterdam,75 m²,3 rooms,Available immediately,"€ 1,750 p/mo."
Stadhouderskade 128 bel,1074 AV Amsterdam,75 m²,2 rooms,Available on 6/1/2022,"€ 2,250 p/mo."
Gelrestraat 69,1079 MZ Amsterdam,55 m²,2 rooms,Available immediately,"€ 1,625 p/mo."
Nieuwe Oostenburgerstraat 7 -A,1018 MC Amsterdam,71 m²,4 rooms,Available in consultation,€ 920 p/mo.
Stadionweg 162,1077 TB Amsterdam,125 m²,3 rooms,Available on 6/1/2022,"€ 2,750 p/mo."
Van der Helstplein 11 -2,1073 AR Amsterdam,74 m²,3 rooms,Available in consultation,€ 920 p/mo.
Van Walbeeckstraat 105,1058 CN Amsterdam,65 m²,3 rooms,Available on 6/1/2022,"€ 2,000 p/mo."
Anna Blamansingel 179,1102 SW Amsterdam,102 m²,3 rooms,Available in consultation,"€ 1,250 p/mo."
Herengracht 102 K,1015 BS Amsterdam,78 m²,3 rooms,Available immediately,"€ 2,150 p/mo."
Pieter Calandlaan 438,1060 TT Amsterdam,104 m²,4 rooms,Available immediately,"€ 2,150 p/mo."
Burgemeester Tellegenstraat 144,1073 KG Amsterdam,70 m²,5 rooms,Available in consultation,"€ 1,065 p/mo."
Haarlemmerstraat 105 3,1013 EM Amsterdam,62 m²,3 rooms,Available in consultation,"€ 2,200 p/mo."
Nieuwendijk 140 3,1012 MS Amsterdam,60 m²,2 rooms,Available on 6/1/2022,"€ 1,750 p/mo."
Oudezijds Kolk 13 1,1012 AL Amsterdam,140 m²,2 rooms,Available immediately,"€ 2,950 p/mo."
Pampuslaan 118,1087 LA Amsterdam,79 m²,3 rooms,Available in consultation,€ 920 p/mo.
Koningin Wilhelminaplein 92,1062 KS Amsterdam,90 m²,3 rooms,Available immediately,"€ 1,475 p/mo."
Spuistraat 6 6v,1012 TS Amsterdam,100 m²,2 rooms,Available immediately,"€ 2,200 p/mo."
tt. Vasumweg 36 S2,1033 SC Amsterdam,103 m²,3 rooms,Available in consultation,"€ 1,750 p/mo."
Laplacestraat 13 -H,1098 HP Amsterdam,93 m²,3 rooms,Available in consultation,"€ 1,650 p/mo."
Jacob van Lennepstraat 34 -2,1053 HK Amsterdam,65 m²,3 rooms,Available immediately,"€ 1,975 p/mo."
August Vermeylenstraat 48,1064 AB Amsterdam,118 m²,5 rooms,Available immediately,"€ 2,195 p/mo."
Koopvaardersplantsoen 22,1034 KE Amsterdam,93 m²,3 rooms,Available in consultation,"€ 1,300 p/mo."
Zuidelijke Wandelweg 145,1079 RK Amsterdam,70 m²,2 rooms,Available immediately,"€ 2,750 p/mo."
Haarlemmerweg 372,1014 BL Amsterdam,72 m²,3 rooms,Available immediately,"€ 1,950 p/mo."
tt. Vasumweg 36 D6,1033 SC Amsterdam,61 m²,3 rooms,Available immediately,"€ 1,350 p/mo."
Revaleiland 76,1014 ZG Amsterdam,75 m²,2 rooms,Available immediately,"€ 1,195 p/mo."
George Gershwinlaan 426,1082 MT Amsterdam,46 m²,3 rooms,Available immediately,"€ 1,645 p/mo."
Rombout Hogerbeetsstraat 17 -1,1052 VN Amsterdam,43 m²,3 rooms,Available immediately,"€ 1,550 p/mo."
tt. Vasumweg 32 L5,1033 SC Amsterdam,98 m²,3 rooms,Available in consultation,"€ 1,595 p/mo."
Korsjespoortsteeg 18 1,1015 AR Amsterdam,85 m²,2 rooms,Available in consultation,"€ 2,500 p/mo."
Koninginneweg 210 3,1075 EL Amsterdam,71 m²,3 rooms,Available immediately,"€ 2,250 p/mo."
Derkinderenstraat,1061 VX Amsterdam,,,Available in consultation,€ 125 p/mo.
Frieslandstraat 91,1082 TL Amsterdam,,,Available in consultation,€ 225 p/mo.
Jan Tooropstraat 5 B,1062 BK Amsterdam,81 m²,2 rooms,Available immediately,"€ 1,710 p/mo."
Teilingen 89,1082 JR Amsterdam,130 m²,4 rooms,Available in consultation,"€ 2,750 p/mo."
Bijlmerdreef 870,1103 DV Amsterdam,114 m²,4 rooms,Available on 9/1/2022,"€ 1,595 p/mo."
Zeeburgerkade 1308,1019 VK Amsterdam,87 m²,3 rooms,Available in consultation,"€ 1,745 p/mo."
Pantograafstraat,1019 XX Amsterdam,100 m²,3 rooms,Available immediately,"€ 1,920 p/mo."
Pantograafstraat,1019 XX Amsterdam,75 m²,2 rooms,Available immediately,"€ 1,650 p/mo."
Pantograafstraat,1019 XX Amsterdam,97 m²,3 rooms,Available immediately,"€ 1,945 p/mo."
Pantograafstraat,1019 XX Amsterdam,80 m²,2 rooms,Available immediately,"€ 1,590 p/mo."
Pantograafstraat,1019 XX Amsterdam,61 m²,1 room,Available immediately,"€ 1,305 p/mo."
Bijlmerdreef 876,1103 DV Amsterdam,111 m²,4 rooms,Available on 6/1/2022,"€ 1,595 p/mo."
Van Hallstraat,1051 HG Amsterdam,,,Available in consultation,€ 190 p/mo.
Laagte Kadijk 3 -K,1018 BA Amsterdam,78 m²,3 rooms,Available immediately,"€ 1,900 p/mo."
Balboastraat 16 -3,1057 VW Amsterdam,74 m²,3 rooms,Available immediately,"€ 1,605 p/mo."
Leerdamhof 369,1108 CG Amsterdam,57 m²,2 rooms,Available immediately,"€ 1,060 p/mo."
Sumatrakade 809,1019 PZ Amsterdam,63 m²,2 rooms,Available on 6/1/2022,"€ 1,125 p/mo."
Marius Bauerstraat 30 K2,1062 AR Amsterdam,55 m²,3 rooms,Available in consultation,"€ 1,510 p/mo."
Pierre Lallementstraat 784,1097 JR Amsterdam,61 m²,3 rooms,Available immediately,"€ 1,295 p/mo."
Bert Haanstrakade 620,1087 HJ Amsterdam,90 m²,4 rooms,Available in consultation,"€ 1,355 p/mo."
Groenmarktkade 29,1016 TA Amsterdam,53 m²,2 rooms,,€ 732 p/mo.
Pascalstraat 2 1,1098 PB Amsterdam,100 m²,4 rooms,Available on 6/15/2022,"€ 1,975 p/mo."
Passeerdersstraat,1016 XB Amsterdam,,,Available in consultation,€ 250 p/mo.
Eerste Jan Steenstraat,1072 NK Amsterdam,,,Available in consultation,€ 200 p/mo.
Eerste Jan van der Heijdenstraat 89,1072 TM Amsterdam,,,Available in consultation,€ 200 p/mo.
Jisperveldstraat 516,1024 BA Amsterdam,,,Available in consultation,€ 250 p/mo.
Jisperveldstraat 513,1024 BA Amsterdam,,,Available in consultation,€ 250 p/mo.
Distelweg 441,1031 HD Amsterdam,,,Available immediately,€ 125 p/mo.
Pantograafstraat 63,1019 XX Amsterdam,98 m²,3 rooms,Available immediately,"€ 1,865 p/mo."
Leonard Bernsteinstraat 3 7.78,1082 MR Amsterdam,,,Available immediately,€ 300 p/mo.
Uiterwaardenstraat 77 1,1079 BS Amsterdam,52 m²,3 rooms,Available immediately,"€ 1,350 p/mo."
Nieuwe Uilenburgerstraat 11,1011 LM Amsterdam,,,Available immediately,€ 200 p/mo.
Jacques Veltmanstraat,1065 Amsterdam,,,Available in consultation,€ 150 p/mo.
Mijehof 27,1106 HA Amsterdam,112 m²,5 rooms,Available on 8/1/2022,"€ 1,550 p/mo."
Marnixstraat 342,1016 XT Amsterdam,,,Available in consultation,€ 250 p/mo.
Kraanspoor 3 F7,1033 SC Amsterdam,57 m²,3 rooms,Available on 8/2/2022,"€ 1,020 p/mo."
mt. Lincolnweg 14 B5,1033 SN Amsterdam,51 m²,2 rooms,Available immediately,€ 985 p/mo.
Sumatrakade 1123,1019 RG Amsterdam,78 m²,2 rooms,Available on 6/23/2022,"€ 1,335 p/mo."
Insulindeweg 33 B,1094 NZ Amsterdam,71 m²,4 rooms,Available on 7/1/2022,"€ 2,450 p/mo."
Veembroederhof,1019 HC Amsterdam,,,Available in consultation,€ 150 p/mo.
Wijenburg 93,1082 VR Amsterdam,,,Available immediately,€ 195 p/mo.
Tugelaweg 32,1092 VE Amsterdam,,,Available immediately,€ 200 p/mo.
Jisperveldstraat 306,1024 AP Amsterdam,,,Available in consultation,€ 250 p/mo.
Pantograafstraat 41,1019 XX Amsterdam,61 m²,1 room,Available immediately,"€ 1,305 p/mo."
Eerste Constantijn Huygensstraat 36 *,1054 BR Amsterdam,,,Available in consultation,€ 100 p/mo.
Zandstrooierstraat 63,1019 XZ Amsterdam,95 m²,4 rooms,Available immediately,"€ 1,915 p/mo."
Koningin Wilhelminaplein,1062 KS Amsterdam,,,Available in consultation,€ 175 p/mo.
Van Suchtelen van de Haarestraat,1068 GV Amsterdam,,,Available in consultation,€ 80 p/mo.
Derkinderenstraat,1061 VX Amsterdam,,,Available in consultation,€ 130 p/mo.
Eosstraat,1076 DT Amsterdam,,,Available in consultation,€ 195 p/mo.
Bestevâerstraat 63 H,1056 HJ Amsterdam,98 m²,3 rooms,Available in consultation,"€ 1,650 p/mo."
Sijlhoff 40,1082 ER Amsterdam,,,Available in consultation,€ 250 p/mo.
Javakade 440,1019 SC Amsterdam,71 m²,3 rooms,Available on 6/1/2022,"€ 1,440 p/mo."
Dever 47,1082 BK Amsterdam,,,Available immediately,€ 220 p/mo.
Vijverhoef 9,1081 AW Amsterdam,,,Available in consultation,€ 260 p/mo.
Tugelaweg 32 *,1092 VE Amsterdam,,,Available immediately,€ 200 p/mo.
Barentszplein 6 ong,1013 NJ Amsterdam,,,Available in consultation,€ 175 p/mo.
Gustav Mahlerlaan 279,1082 MK Amsterdam,83 m²,3 rooms,Available in consultation,"€ 1,805 p/mo."
Schipluidenlaan 98,1062 HE Amsterdam,,,Available immediately,€ 100 p/mo.
Piet Heinkade,1019 HM Amsterdam,,,Available in consultation,€ 200 p/mo.
Céramiquelaan 645,1031 KG Amsterdam,86 m²,4 rooms,Available immediately,"€ 1,770 p/mo."
Céramiquelaan 551,1031 KG Amsterdam,51 m²,2 rooms,Available immediately,"€ 1,215 p/mo."
Céramiquelaan 601,1031 KG Amsterdam,52 m²,1 room,Available immediately,"€ 1,095 p/mo."
Van Noordtkade 40,1013 BZ Amsterdam,,,Available in consultation,€ 120 p/mo.
Leonard Bernsteinstraat 3 -10.22,1082 MR Amsterdam,,,Available in consultation,€ 325 p/mo.
Nilda Pintostraat 15,1103 MK Amsterdam,115 m²,5 rooms,Available on 7/1/2022,"€ 1,595 p/mo."
Badhuiskade,1031 KV Amsterdam,,,Available immediately,€ 220 p/mo.
Nieuwe Westerdokstraat 8-PP,1013 AG Amsterdam,,,Available in consultation,€ 45 p/mo.
Jan Oudegeeststraat 56,1069 KG Amsterdam,,,Available in consultation,€ 115 p/mo.
Herengracht 179,1016 BE Amsterdam,,,Available immediately,€ 375 p/mo.
Crack-State 2,1082 TX Amsterdam,,,Available immediately,€ 250 p/mo.
Valkhof 93,1082 VE Amsterdam,,,Available in consultation,€ 225 p/mo.
Jan van Galenstraat 1,1051 KE Amsterdam,,,Available immediately,€ 125 p/mo.
Woestduinstraat,1058 TE Amsterdam,,,Available in consultation,€ 240 p/mo.
Jan van Galenstraat 283 H*,1056 CA Amsterdam,,,Available immediately,€ 70 p/mo.
Jan van Galenstraat 283 H,1056 CA Amsterdam,,,Available immediately,€ 195 p/mo.
Eerste Constantijn Huygensstraat 48,1054 BR Amsterdam,,,Available immediately,€ 325 p/mo.
Oostenburgermiddenstraat 339,1018 LH Amsterdam,86 m²,3 rooms,,"€ 1,675 p/mo."
Carolina MacGillavrylaan 529,1098 XA Amsterdam,60 m²,2 rooms,Available immediately,"€ 1,080 p/mo."
Oudeschans 81,1011 KW Amsterdam,,,Available immediately,€ 175 p/mo.
Valkenburgerstraat 132,1011 NA Amsterdam,,,Available immediately,€ 350 p/mo.
Wittgensteinlaan 73 D,1062 KB Amsterdam,,,Available immediately,€ 200 p/mo.
Spadinalaan 72,1031 KB Amsterdam,,,Available in consultation,€ 190 p/mo.
Marco Polostraat 177 HS,1057 WJ Amsterdam,50 m²,3 rooms,Available immediately,
Cas Oorthuyskade 382,1087 DP Amsterdam,140 m²,3 rooms,Available immediately,"€ 1,682 p/mo."
Cruquiusweg 128,1019 AK Amsterdam,80 m²,3 rooms,Available on 7/1/2022,"€ 1,795 p/mo."
Nachtwachtlaan 377,1058 EN Amsterdam,,,Available immediately,€ 120 p/mo.
Kwakerstraat,1053 WC Amsterdam,,,Available immediately,€ 200 p/mo.
Loenermark 425 PP,1025 TL Amsterdam,,,Available immediately,€ 100 p/mo.
Jan Smitstraat 48 PP,1069 SZ Amsterdam,,,Available in consultation,€ 100 p/mo.
Uilenburgerwerf 65,1011 MX Amsterdam,,,Available immediately,€ 200 p/mo.
Van Noordtkade 7,1013 BZ Amsterdam,,,Available immediately,€ 175 p/mo.
Taandwarsstraat 99-PP,1013 BW Amsterdam,,,Available in consultation,€ 207 p/mo.
Nieuwe Herengracht 183,1011 SK Amsterdam,,,Available immediately,€ 195 p/mo.
Silodam,1013 AS Amsterdam,,,Available immediately,€ 275 p/mo.
Silodam,1013 AW Amsterdam,,,Available in consultation,€ 185 p/mo.
Saskia van Uijlenburgkade 34 ong,1058 GA Amsterdam,,,Available in consultation,€ 175 p/mo.
Dijkgraafplein 1,1069 EK Amsterdam,,,Available in consultation,€ 80 p/mo.
Loevestein 6,1082 XJ Amsterdam,,,Available in consultation,€ 225 p/mo.
Houthavenweg,1014 ZA Amsterdam,60 m²,1 room,Available immediately,"€ 1,500 p/mo."
Haparandaweg,1013 BD Amsterdam,42 m²,1 room,Available immediately,"€ 1,200 p/mo."
Efua Sutherlandstraat 25,1103 MV Amsterdam,85 m²,3 rooms,Available on 6/30/2022,"€ 1,350 p/mo."
Westerdok 490 PP,1013 BH Amsterdam,,,Available in consultation,€ 200 p/mo.
Huntum 40 B,1102 JD Amsterdam,,,Available in consultation,€ 145 p/mo.
Huntum 10 F,1102 JA Amsterdam,,,Available in consultation,€ 148 p/mo.
Kuipersstraat 134,1073 EV Amsterdam,,,Available immediately,€ 200 p/mo.
Reguliersdwarsstraat 95 D,1017 BK Amsterdam,,,Available in consultation,€ 100 p/mo.
De Lierhof,1059 WB Amsterdam,,,Available immediately,€ 200 p/mo.
Alma Tademastraat 25,1061 VK Amsterdam,,,Available immediately,€ 100 p/mo.
Revaleiland 43,1014 ZG Amsterdam,81 m²,3 rooms,Available immediately,"€ 1,415 p/mo."
Bellamystraat 49,1053 BG Amsterdam,,,Available immediately,€ 135 p/mo.
Efua Sutherlandstraat 34,1103 MV Amsterdam,91 m²,4 rooms,Available on 6/15/2022,"€ 1,585 p/mo."
Wielingenstraat 9,1078 KK Amsterdam,,,Available immediately,€ 150 p/mo.
Bijlmerdreef 1289,1103 TV Amsterdam,,,Available in consultation,€ 121 p/mo.
Keizersgracht 107 D,1015 CH Amsterdam,114 m²,2 rooms,Available in consultation,"€ 2,600 p/mo."
Tweede van Swindenstraat 178 B,1093 XA Amsterdam,90 m²,3 rooms,Available in consultation,"€ 2,050 p/mo."
Sibogastraat 64,1094 SM Amsterdam,90 m²,4 rooms,Available immediately,"€ 1,750 p/mo."
Karperweg 9 II,1075 LA Amsterdam,81 m²,2 rooms,Available in consultation,"€ 2,500 p/mo."
Pieter Lastmankade 30 E,1075 KK Amsterdam,160 m²,4 rooms,Available in consultation,"€ 6,250 p/mo."
Prinseneiland 25 hs,1013 LL Amsterdam,67 m²,1 room,Available in consultation,"€ 1,950 p/mo."
Herengracht 271,1016 BJ Amsterdam,70 m²,4 rooms,Available immediately,"€ 2,000 p/mo."
Haarlemmerdijk 42 c,1013 JD Amsterdam,64 m²,2 rooms,Available in consultation,"€ 1,800 p/mo."
Kerkstraat 134 D,1017 GP Amsterdam,85 m²,3 rooms,Available immediately,"€ 2,650 p/mo."
Vaartstraat 18 -3,1075 RN Amsterdam,68 m²,2 rooms,Available on 7/1/2022,"€ 1,750 p/mo."
Raoul Wallenbergstraat 71,1102 AX Amsterdam,90 m²,3 rooms,Available immediately,"€ 1,650 p/mo."
Oosterpark 47 -1,1092 AN Amsterdam,62 m²,3 rooms,Available on 6/1/2022,"€ 1,900 p/mo."
Krooswijkhof 91,1082 PB Amsterdam,127 m²,3 rooms,Available in consultation,"€ 2,450 p/mo."
Hellingstraat 186,1033 WW Amsterdam,82 m²,3 rooms,Available immediately,"€ 1,743 p/mo."
Oudezijds Voorburgwal 183 I V,1012 EW Amsterdam,100 m²,3 rooms,Available immediately,"€ 2,450 p/mo."
Van Noordtkade 58 B,1013 BZ Amsterdam,86 m²,4 rooms,Available in consultation,"€ 1,750 p/mo."
Van Woustraat 219 2,1074 AP Amsterdam,66 m²,3 rooms,Available in consultation,"€ 1,650 p/mo."
Dongestraat 4 huis,1078 JW Amsterdam,85 m²,3 rooms,Available in consultation,"€ 2,250 p/mo."
Kuipersstraat 147 A10,1073 ER Amsterdam,52 m²,3 rooms,Available in consultation,"€ 1,600 p/mo."
Hillegomstraat 40 II,1058 LT Amsterdam,120 m²,4 rooms,Available in consultation,"€ 2,995 p/mo."
Borgerstraat 214 A,1053 RE Amsterdam,95 m²,4 rooms,Available on 6/1/2022,"€ 2,500 p/mo."
Ceintuurbaan 219 II,1074 CW Amsterdam,72 m²,4 rooms,Available immediately,"€ 2,650 p/mo."
Droogbak 4 D,1013 GE Amsterdam,120 m²,3 rooms,Available on 6/1/2022,"€ 2,750 p/mo."
Bentinckstraat 3 -1,1051 GC Amsterdam,55 m²,2 rooms,Available on 7/1/2022,"€ 1,550 p/mo."
Nieuwe Nieuwstraat 18 B,1012 NH Amsterdam,72 m²,2 rooms,Available on 6/1/2022,"€ 1,900 p/mo."
Bilderdijkkade 71 C,1053 VK Amsterdam,85 m²,4 rooms,Available on 6/1/2022,"€ 2,200 p/mo."
Kribbestraat 60 -hs,1079 WV Amsterdam,50 m²,3 rooms,Available on 6/2/2022,"€ 1,575 p/mo."
Weteringschans 157 4/5,1017 SE Amsterdam,82 m²,4 rooms,Available immediately,"€ 2,495 p/mo."
S. F. van Ossstraat 290,1068 JR Amsterdam,76 m²,3 rooms,Available in consultation,"€ 1,600 p/mo."
Eerste Constantijn Huygensstraat 73 I,1054 BT Amsterdam,116 m²,3 rooms,Available immediately,"€ 2,250 p/mo."
Hellingstraat 100,1033 WW Amsterdam,69 m²,3 rooms,Available immediately,"€ 1,559 p/mo."
Hellingstraat 190,1033 WW Amsterdam,67 m²,3 rooms,Available immediately,"€ 1,500 p/mo."
Prinsengracht 420 a,1016 JC Amsterdam,119 m²,4 rooms,Available immediately,"€ 3,000 p/mo."
Laagte Kadijk 55,1018 BB Amsterdam,87 m²,3 rooms,Available on 6/1/2022,"€ 1,950 p/mo."
Nicolaas Witsenkade 27 D,1017 ZT Amsterdam,85 m²,3 rooms,Available on 6/1/2022,"€ 2,750 p/mo."
Jacques Veltmanstraat 189,1065 DB Amsterdam,85 m²,3 rooms,Available immediately,"€ 1,750 p/mo."
Jacob van Wassenaar Obdamstraat 18 I,1057 JR Amsterdam,70 m²,3 rooms,Available immediately,"€ 1,850 p/mo."
Nieuwezijds Voorburgwal 175 2,1012 RK Amsterdam,47 m²,2 rooms,Available in consultation,"€ 1,300 p/mo."
Hoofdweg 127 G,1058 BB Amsterdam,70 m²,3 rooms,Available in consultation,"€ 2,145 p/mo."
Bilderdijkkade 19 A1,1053 VB Amsterdam,80 m²,3 rooms,Available in consultation,"€ 2,150 p/mo."
Crynssenstraat 34 H,1058 XW Amsterdam,55 m²,2 rooms,Available on 6/8/2022,"€ 1,800 p/mo."
Deurloostraat 109 II,1078 HW Amsterdam,83 m²,4 rooms,Available on 6/7/2022,"€ 2,400 p/mo."
Dongestraat 4 I,1078 JW Amsterdam,140 m²,6 rooms,Available in consultation,"€ 2,800 p/mo."
Brouwersgracht 284 G,1013 HG Amsterdam,112 m²,2 rooms,Available in consultation,"€ 3,000 p/mo."
Schokkerspad 23,1081 KR Amsterdam,200 m²,5 rooms,Available in consultation,"€ 3,600 p/mo."
Amazonenstraat 35 2,1076 LE Amsterdam,110 m²,5 rooms,Available immediately,"€ 2,800 p/mo."
Pieter Cornelisz. Hooftstraat 90,1071 CC Amsterdam,105 m²,2 rooms,Available in consultation,"€ 2,800 p/mo."
Zeeburgerkade 462,1019 HP Amsterdam,85 m²,3 rooms,Available immediately,"€ 1,600 p/mo."
Stadionweg 162 2,1077 TB Amsterdam,116 m²,4 rooms,Available on 6/1/2022,"€ 2,750 p/mo."
Stadionweg 162 1,1077 TB Amsterdam,116 m²,4 rooms,Available on 8/1/2022,"€ 3,000 p/mo."
Jan van Galenstraat 173 3,1056 BS Amsterdam,85 m²,6 rooms,Available on 6/1/2022,"€ 2,500 p/mo."
Sprinklerstraat 81,1019 VR Amsterdam,94 m²,3 rooms,Available immediately,"€ 2,250 p/mo."
Keizersgracht 492 C,1017 EH Amsterdam,110 m²,3 rooms,Available on 7/1/2022,"€ 3,400 p/mo."
Herengracht 92 3,1015 BS Amsterdam,110 m²,3 rooms,Available on 6/1/2022,"€ 2,350 p/mo."
Raphaëlplein 31 I,1077 PX Amsterdam,139 m²,5 rooms,Available on 6/1/2022,"€ 4,500 p/mo."
Conradstraat 128 A,1018 NM Amsterdam,90 m²,4 rooms,Available on 6/1/2022,"€ 2,500 p/mo."
Spadinalaan 184,1031 KB Amsterdam,109 m²,4 rooms,Available immediately,"€ 1,800 p/mo."
Muntplein 2 F,1012 WR Amsterdam,65 m²,2 rooms,Available immediately,"€ 1,680 p/mo."
Merckenburg 36,1082 BT Amsterdam,85 m²,4 rooms,Available on 6/18/2022,"€ 2,100 p/mo."
Van der Hoopstraat 116 3,1051 VN Amsterdam,96 m²,5 rooms,Available immediately,"€ 2,650 p/mo."
Oudezijds Voorburgwal 99 G,1012 EM Amsterdam,80 m²,3 rooms,Available immediately,"€ 2,250 p/mo."
Amstelveenseweg 145 1,1075 VZ Amsterdam,66 m²,2 rooms,Available on 6/1/2022,"€ 2,100 p/mo."
Milletstraat 7 huis,1077 ZA Amsterdam,115 m²,4 rooms,Available in consultation,"€ 2,500 p/mo."
Apollolaan 35 1,1077 AC Amsterdam,107 m²,4 rooms,Available immediately,"€ 2,650 p/mo."
Eendrachtstraat 13 hs,1078 XV Amsterdam,77 m²,2 rooms,Available immediately,"€ 1,950 p/mo."
Hellingstraat 156,1033 WW Amsterdam,82 m²,3 rooms,Available immediately,"€ 1,694 p/mo."
Wijdesteeg 18,1012 RN Amsterdam,62 m²,2 rooms,Available immediately,"€ 1,800 p/mo."
Kerkstraat 127 A,1017 GE Amsterdam,123 m²,4 rooms,Available on 6/1/2022,"€ 3,000 p/mo."
Jan Puntstraat 117,1065 MB Amsterdam,42 m²,2 rooms,Available in consultation,"€ 1,195 p/mo."
Gillis van Ledenberchstraat 114 F,1052 VK Amsterdam,75 m²,3 rooms,Available immediately,"€ 1,975 p/mo."
Keizersgracht 138 C,1015 CW Amsterdam,75 m²,2 rooms,Available on 6/1/2022,"€ 2,250 p/mo."
Valkenburgerstraat 132 C,1011 NA Amsterdam,91 m²,3 rooms,Available on 6/1/2022,"€ 3,000 p/mo."
Holendrechtstraat 26 3,1078 TT Amsterdam,70 m²,3 rooms,Available on 7/1/2022,"€ 1,900 p/mo."
Van Nijenrodeweg 320,1082 HB Amsterdam,122 m²,4 rooms,Available in consultation,"€ 2,500 p/mo."
Geldersekade 92 F,1012 BM Amsterdam,115 m²,3 rooms,Available immediately,"€ 2,500 p/mo."
Valeriusstraat 121 H,1075 ER Amsterdam,145 m²,4 rooms,Available immediately,"€ 4,500 p/mo."
De Wittenkade 31 R2,1052 AB Amsterdam,65 m²,2 rooms,Available on 6/6/2022,"€ 1,750 p/mo."
Ceintuurbaan 412 III,1074 EA Amsterdam,70 m²,3 rooms,Available in consultation,"€ 2,250 p/mo."
Madurastraat 8 D,1094 GL Amsterdam,58 m²,2 rooms,Available immediately,"€ 1,600 p/mo."
Borgerstraat 195 h,1053 PK Amsterdam,55 m²,2 rooms,Available immediately,"€ 1,850 p/mo."
Boeroestraat 35,1095 VP Amsterdam,79 m²,3 rooms,Available on 6/15/2022,"€ 1,750 p/mo."
Sloterweg 824 1,1066 CP Amsterdam,80 m²,2 rooms,Available in consultation,"€ 1,750 p/mo."
Pruimenstraat 10 B,1033 KM Amsterdam,80 m²,4 rooms,Available immediately,"€ 1,550 p/mo."
Alexanderplein 1 B,1018 CG Amsterdam,110 m²,3 rooms,Available immediately,"€ 2,850 p/mo."
Leonard Bernsteinstraat 76 A,1082 MR Amsterdam,130 m²,3 rooms,Available immediately,"€ 3,250 p/mo."
Mary Zeldenruststraat 21,1091 DL Amsterdam,65 m²,2 rooms,Available on 6/1/2022,"€ 1,650 p/mo."
Jisperveldstraat 464,1024 AX Amsterdam,85 m²,4 rooms,Available immediately,"€ 1,700 p/mo."
Christoffelkruidstraat 50,1032 LK Amsterdam,80 m²,3 rooms,Available on 6/1/2022,"€ 2,000 p/mo."
Sarphatikade 21 HS,1017 WV Amsterdam,100 m²,3 rooms,Available on 6/1/2022,"€ 2,750 p/mo."
Nicolaas Maesstraat 123 1,1071 PW Amsterdam,88 m²,2 rooms,Available immediately,"€ 2,500 p/mo."
Damstraat 1 E,1012 JL Amsterdam,100 m²,3 rooms,Available immediately,"€ 3,950 p/mo."
Driekoningenstraat 1 B,1016 AL Amsterdam,91 m²,3 rooms,Available in consultation,"€ 2,150 p/mo."
Nieuw Herlaer 57,1083 BB Amsterdam,104 m²,3 rooms,Available in consultation,"€ 1,995 p/mo."
Kastelenstraat 99 III,1082 EA Amsterdam,114 m²,3 rooms,Available in consultation,"€ 2,100 p/mo."
Oudezijds Voorburgwal 99 H,1012 EM Amsterdam,80 m²,3 rooms,Available immediately,"€ 2,295 p/mo."
Dirk Schäferstraat 47 III,1076 BB Amsterdam,96 m²,3 rooms,Available in consultation,"€ 1,750 p/mo."
Eerste Jan van der Heijdenstraat 104 I,1072 VA Amsterdam,65 m²,3 rooms,Available on 7/1/2022,"€ 2,300 p/mo."
Plantage Badlaan 5 hs,1018 TE Amsterdam,140 m²,4 rooms,Available immediately,"€ 3,250 p/mo."
Koperslagerij 75,1021 NJ Amsterdam,43 m²,2 rooms,Available immediately,"€ 1,375 p/mo."
Leusdenhof 131,1108 DB Amsterdam,68 m²,3 rooms,Available immediately,"€ 1,211 p/mo."
ms. van Riemsdijkweg 52,1033 RD Amsterdam,82 m²,3 rooms,Available on 6/1/2022,"€ 1,212 p/mo."
Valeriusstraat 17 hs,1071 MB Amsterdam,130 m²,5 rooms,Available in consultation,"€ 4,500 p/mo."
Rijnlandlaan 99,1062 MX Amsterdam,92 m²,3 rooms,Available immediately,"€ 1,635 p/mo."
Moreelsestraat 7 Boven,1071 BJ Amsterdam,145 m²,6 rooms,Available immediately,"€ 4,750 p/mo."
Ukkelhof 14,1066 WV Amsterdam,120 m²,5 rooms,Available on 7/1/2022,"€ 2,000 p/mo."
Jacob van Lennepkade 627,1054 ZW Amsterdam,80 m²,3 rooms,Available on 6/1/2022,"€ 2,450 p/mo."
Huidenstraat 10 A,1016 ES Amsterdam,135 m²,4 rooms,Available on 6/1/2022,"€ 3,750 p/mo."
Scheepsbouwweg 163,1033 DC Amsterdam,73 m²,3 rooms,Available on 6/1/2022,"€ 1,550 p/mo."
Rochussenstraat 4 4,1051 JK Amsterdam,38 m²,1 room,Available on 6/1/2022,"€ 1,450 p/mo."
Lange Leidsedwarsstraat 66 3,1017 NM Amsterdam,70 m²,3 rooms,Available immediately,"€ 1,950 p/mo."
Van Bossestraat 3 II,1051 JR Amsterdam,53 m²,3 rooms,Available in consultation,"€ 1,800 p/mo."
Zeeburgerdijk 112 M,1094 AJ Amsterdam,190 m²,6 rooms,Available on 7/1/2022,"€ 3,900 p/mo."
Dickenslaan 43,1102 XN Amsterdam,60 m²,3 rooms,Available on 5/27/2022,"€ 1,400 p/mo."
Oudezijds Voorburgwal 19 -3,1012 EH Amsterdam,100 m²,3 rooms,Available immediately,"€ 2,000 p/mo."
Vondelstraat 29 II,1054 GJ Amsterdam,90 m²,2 rooms,Available in consultation,"€ 2,750 p/mo."
Milletstraat 56 2,1077 ZG Amsterdam,130 m²,4 rooms,Available on 6/1/2022,"€ 2,850 p/mo."
Vrijzicht 181,1068 CK Amsterdam,72 m²,2 rooms,Available in consultation,"€ 1,675 p/mo."
Driehoekstraat 1 A,1015 GL Amsterdam,110 m²,3 rooms,Available on 6/1/2022,"€ 2,300 p/mo."
Runstraat 2 a,1016 GK Amsterdam,70 m²,4 rooms,Available immediately,"€ 2,150 p/mo."
Tugelaweg 43 D,1092 VH Amsterdam,87 m²,3 rooms,Available immediately,"€ 2,000 p/mo."
Sumatrakade 1109,1019 RG Amsterdam,90 m²,3 rooms,Available on 6/1/2022,"€ 1,570 p/mo."
Nida Senffstraat 97,1095 MX Amsterdam,70 m²,3 rooms,Available immediately,"€ 1,750 p/mo."
Herengracht 391 c,1016 BC Amsterdam,136 m²,4 rooms,Available immediately,"€ 3,450 p/mo."
Emmalaan 19 B,1075 AT Amsterdam,90 m²,3 rooms,Available immediately,"€ 2,950 p/mo."
ms. Oslofjordweg 36,1033 SM Amsterdam,88 m²,2 rooms,Available on 7/1/2022,"€ 1,400 p/mo."
Watteaustraat 29 2,1077 ZK Amsterdam,115 m²,4 rooms,Available on 7/1/2022,"€ 2,500 p/mo."
Statenjachtstraat 219,1034 GA Amsterdam,104 m²,4 rooms,Available immediately,"€ 2,000 p/mo."
Fleerde 7,1102 AV Amsterdam,100 m²,3 rooms,Available in consultation,"€ 1,600 p/mo."
Faas Wilkesstraat 129 K,1095 MD Amsterdam,81 m²,3 rooms,Available on 6/1/2022,"€ 1,376 p/mo."
Rubensstraat 64 III,1077 MX Amsterdam,126 m²,5 rooms,Available in consultation,"€ 3,650 p/mo."
Leusdenhof 326,1108 DR Amsterdam,86 m²,3 rooms,Available immediately,"€ 1,275 p/mo."
Willemsparkweg 190 H,1071 HV Amsterdam,262 m²,7 rooms,Available on 8/1/2022,"€ 7,000 p/mo."
Eef Kamerbeekstraat 630,1095 MP Amsterdam,91 m²,3 rooms,Available immediately,"€ 1,371 p/mo."
Vrijheidslaan 29 3,1079 KC Amsterdam,76 m²,3 rooms,Available immediately,"€ 1,650 p/mo."
Herengracht 596 II,1017 CJ Amsterdam,63 m²,2 rooms,Available on 6/1/2022,"€ 1,950 p/mo."
Warmondstraat 143,1058 KV Amsterdam,73 m²,3 rooms,Available immediately,"€ 2,000 p/mo."
Buiten Brouwersstraat 14 h,1013 GK Amsterdam,125 m²,6 rooms,Available immediately,"€ 2,250 p/mo."
Tweede Helmersstraat 98 II,1054 CN Amsterdam,134 m²,4 rooms,Available on 6/1/2022,"€ 3,150 p/mo."
Reguliersgracht 107 K,1017 LP Amsterdam,125 m²,4 rooms,Available on 6/24/2022,"€ 2,650 p/mo."
John Franklinstraat 62 hs,1056 TE Amsterdam,50 m²,3 rooms,Available in consultation,"€ 1,450 p/mo."
Fagelstraat 78 2hg,1052 GG Amsterdam,44 m²,2 rooms,Available in consultation,"€ 1,650 p/mo."
Valeriusstraat 68 H,1071 ML Amsterdam,140 m²,7 rooms,Available in consultation,"€ 5,500 p/mo."
Bos en Lommerweg 185 III,1055 DT Amsterdam,75 m²,3 rooms,Available immediately,"€ 1,800 p/mo."
Jan Evertsenstraat 98 III,1056 EH Amsterdam,95 m²,4 rooms,Available immediately,"€ 2,250 p/mo."
Johannes Verhulststraat 110 II,1071 NL Amsterdam,122 m²,4 rooms,Available immediately,"€ 4,500 p/mo."
Tommaso Albinonistraat 126,1083 HM Amsterdam,126 m²,3 rooms,Available on 6/1/2022,"€ 3,000 p/mo."
Oetewalerstraat 37,1093 MC Amsterdam,73 m²,3 rooms,Available in consultation,"€ 1,950 p/mo."
Daniël Stalpertstraat 41 K,1072 XA Amsterdam,60 m²,2 rooms,Available immediately,"€ 2,300 p/mo."
Falckstraat 4 -C,1017 VW Amsterdam,105 m²,4 rooms,Available immediately,"€ 2,650 p/mo."
Koningsplein 10 R,1017 BB Amsterdam,83 m²,2 rooms,Available immediately,"€ 1,800 p/mo."
Orteliusstraat 234 2,1056 PH Amsterdam,50 m²,3 rooms,Available immediately,"€ 1,350 p/mo."
Frederik Hendrikplantsoen 84 HS,1052 XX Amsterdam,100 m²,5 rooms,Available immediately,"€ 2,250 p/mo."
Brouwersgracht 246 II,1013 HE Amsterdam,35 m²,2 rooms,Available in consultation,"€ 1,750 p/mo."
Hoofdweg 95 B,1058 BA Amsterdam,65 m²,6 rooms,Available on 6/16/2022,"€ 1,750 p/mo."
Van Spilbergenstraat 120 II,1057 RN Amsterdam,50 m²,3 rooms,Available immediately,"€ 1,635 p/mo."
Corantijnstraat 29 2,1058 DC Amsterdam,48 m²,2 rooms,Available on 6/19/2022,"€ 1,600 p/mo."
Van Spilbergenstraat 112 2,1057 RM Amsterdam,52 m²,3 rooms,Available in consultation,"€ 1,355 p/mo."
Dr. J.A. Ringersstraat 50,1067 DG Amsterdam,92 m²,3 rooms,Available in consultation,"€ 1,200 p/mo."
Jacob Obrechtstraat 1 BV,1071 KC Amsterdam,140 m²,5 rooms,Available immediately,"€ 4,000 p/mo."
Weteringschans 41 C,1017 RW Amsterdam,120 m²,3 rooms,Available on 6/3/2022,"€ 2,500 p/mo."
Kastanjeplein 7 -1,1092 CH Amsterdam,66 m²,3 rooms,Available in consultation,"€ 1,650 p/mo."
Marco Polostraat 212 -H,1057 XA Amsterdam,50 m²,2 rooms,Available immediately,"€ 1,250 p/mo."
Amstelkade 116 3,1078 AR Amsterdam,96 m²,5 rooms,Available in consultation,"€ 1,850 p/mo."
Zaagmolenstraat 16 2hg,1052 HD Amsterdam,45 m²,3 rooms,Available immediately,"€ 1,995 p/mo."
Wijsmullerstraat 26 -II,1058 JJ Amsterdam,125 m²,5 rooms,Available immediately,"€ 3,250 p/mo."
Stadionplein 194,1076 CK Amsterdam,87 m²,3 rooms,Available immediately,"€ 1,910 p/mo."
Grasweg 104,1031 HX Amsterdam,34 m²,1 room,Available immediately,€ 869 p/mo.
Haardstee 236,1102 NN Amsterdam,83 m²,4 rooms,Available immediately,"€ 1,450 p/mo."
Kruitberghof 113,1104 BC Amsterdam,120 m²,4 rooms,Available immediately,"€ 1,595 p/mo."
Goudsbloemstraat 191,1015 JN Amsterdam,51 m²,2 rooms,Available in consultation,"€ 1,800 p/mo."
Wethouder Frankeweg 32 3,1098 LB Amsterdam,100 m²,3 rooms,Available on 6/14/2022,"€ 1,775 p/mo."
Ten Katestraat 18 4,1053 CE Amsterdam,41 m²,3 rooms,Available on 6/3/2022,"€ 1,600 p/mo."
Eerste Sweelinckstraat 10,1073 CM Amsterdam,73 m²,3 rooms,Available immediately,"€ 2,450 p/mo."
Emmy Andriessestraat 220,1087 ML Amsterdam,106 m²,4 rooms,Available in consultation,"€ 1,365 p/mo."
Ceintuurbaan 230 1,1072 GE Amsterdam,70 m²,3 rooms,Available immediately,"€ 1,700 p/mo."
Kastanjeplein 7 -2,1092 CH Amsterdam,67 m²,2 rooms,Available in consultation,"€ 1,650 p/mo."
Prinsengracht 1123 H,1017 JK Amsterdam,100 m²,2 rooms,Available in consultation,"€ 2,500 p/mo."
Bloemstraat 79 3,1016 KX Amsterdam,40 m²,2 rooms,Available on 6/1/2022,"€ 1,500 p/mo."
ms. van Riemsdijkweg 104,1033 RD Amsterdam,66 m²,3 rooms,Available immediately,"€ 1,400 p/mo."
mt. Lincolnweg 14 S4,1033 SN Amsterdam,88 m²,3 rooms,Available on 6/1/2022,"€ 1,715 p/mo."
Genhoes 13,1082 BC Amsterdam,,,Available in consultation,€ 250 p/mo.
Emmy Andriessestraat 214,1087 ML Amsterdam,106 m²,4 rooms,Available in consultation,"€ 1,375 p/mo."
E1,1076 DW Amsterdam,87 - 222 m²,4 rooms,,"From € 1,405 to 4,100 p/mo."
H,1019 RD Amsterdam,49 - 136 m²,,,"From € 875 to 2,000 p/mo."
F4,1019 ZZ Amsterdam,44 - 142 m²,,,"From € 995 to 2,000 p/mo."
F4,1019 BJ Amsterdam,54 - 158 m²,,,"From € 975 to 2,000 p/mo."
R1,1033 SM Amsterdam,92 m²,4 rooms,,"From € 1,390 to 1,430 p/mo."
S1,1033 EM Amsterdam,67 m²,3 rooms,,"€ 1,440 p/mo."
Appartement type C,1014 ZP Amsterdam,77 m²,3 rooms,,"From € 1,500 to 3,000 p/mo."
Appartement KingTwo,1062 KR Amsterdam,60 m²,2 rooms,,"From € 1,000 to 1,200 p/mo."
Appartement KingTwo,1062 KS Amsterdam,60 m²,2 rooms,,"From € 1,000 to 1,200 p/mo."
Y,1076 DW Amsterdam,87 - 222 m²,4 rooms,,"From € 1,585 to 4,100 p/mo."
Appartement type Ls,1014 ZP Amsterdam,102 m²,4 rooms,,"From € 1,500 to 2,500 p/mo."
A,1076 DN Amsterdam,72 - 185 m²,3 rooms,,"From € 1,180 to 3,565 p/mo."
V,1076 DZ Amsterdam,87 - 222 m²,,,"From € 1,640 to 4,100 p/mo."
F,1076 DM Amsterdam,70 - 195 m²,3 rooms,,"From € 1,300 to 3,700 p/mo."
G',1019 PK Amsterdam,54 - 158 m²,,,"From € 975 to 2,000 p/mo."
Appartement type Ns,1014 ZP Amsterdam,98 m²,3 rooms,,"From € 1,885 to 2,140 p/mo."
A3,1076 DV Amsterdam,75 - 200 m²,,,"From € 1,400 to 3,800 p/mo."
Q,1096 DT Amsterdam,130 m²,,,"€ 1,175 p/mo."
Appartement type Js,1014 ZP Amsterdam,69 m²,2 rooms,,"€ 1,450 p/mo."
Appartement type L1s,1014 ZP Amsterdam,102 m²,4 rooms,,"From € 2,360 to 2,400 p/mo."
S1,1076 CK Amsterdam,59 - 113 m²,,,"From € 750 to 3,000 p/mo."
D2,1019 WC Amsterdam,83 - 148 m²,,,"From € 1,000 to 2,500 p/mo."
SquareTwo,1079 PE Amsterdam,55 - 61 m²,2 rooms,,"From € 1,200 to 1,300 p/mo."
SquareSpecial,1079 PE Amsterdam,62 - 74 m²,3 rooms,,"From € 1,150 to 1,200 p/mo."
Argentinië Blok 1&2 - Appartementen,1019 BW Amsterdam,91 - 130 m²,3 rooms,,"From € 1,200 to 2,000 p/mo."
Gare du Nord - Appartementen,1022 LA Amsterdam,33 - 123 m²,3 rooms,,"From € 870 to 1,900 p/mo."
De Keyzer - Appartementen,1018 RR Amsterdam,70 - 132 m²,3 rooms,,"From € 1,250 to 2,200 p/mo."
De Bellamy - Appartementen,1053 RS Amsterdam,80 - 100 m²,3 rooms,,"From € 1,300 to 1,900 p/mo."
Argentinië Blok 3 - Appartementen,1019 BW Amsterdam,75 - 150 m²,3 rooms,,"From € 1,300 to 3,000 p/mo."
O1,1076 DW Amsterdam,85 - 222 m²,4 rooms,,"From € 1,585 to 4,500 p/mo."
O2,1076 DW Amsterdam,85 - 222 m²,4 rooms,,"From € 1,585 to 4,500 p/mo."
D2,1076 DN Amsterdam,70 - 195 m²,4 rooms,,"From € 1,400 to 3,800 p/mo."
Westbeat - 4-kamerappartement type A,1062 EB Amsterdam,111 m²,4 rooms,,"From € 1,875 to 1,900 p/mo."
Westbeat - 4-kamerappartement type F,1062 EB Amsterdam,89 - 116 m²,4 rooms,,"From € 1,740 to 2,000 p/mo."
Westbeat - 5-kamerappartement type E,1062 EB Amsterdam,147 m²,5 rooms,,"From € 2,240 to 2,250 p/mo."
Westbeat - 2-kamerappartement type D,1062 EB Amsterdam,42 - 80 m²,2 rooms,,"From € 965 to 1,600 p/mo."
Westbeat - 2-kamerappartement type C,1062 EB Amsterdam,56 - 69 m²,2 rooms,,"From € 1,200 to 1,450 p/mo."
Westbeat - 2-kamerappartement type B,1062 EB Amsterdam,55 m²,2 rooms,,"From € 1,215 to 1,250 p/mo."
G3,1019 ZZ Amsterdam,44 - 142 m²,,,"From € 995 to 2,000 p/mo."
D4,1019 SC Amsterdam,44 - 142 m²,,,"From € 995 to 2,000 p/mo."
"Buitenveldert I, II & III - Type 4TI",1083 JK Amsterdam,85 - 95 m²,4 rooms,,"From € 1,085 to 2,250 p/mo."
Y,1096 DS Amsterdam,179 m²,,,"€ 1,515 p/mo."
Westbeat - 3-kamerappartement type F,1062 EB Amsterdam,87 - 95 m²,3 rooms,,"From € 1,655 to 1,800 p/mo."
Overig,1076 DW Amsterdam,,1 room,,From € 75 to 175 p/mo.
A,1033 SC Amsterdam,46 m²,,,From € 805 to 855 p/mo.
Appartement type Ys,1014 ZP Amsterdam,100 m²,3 rooms,,"From € 1,900 to 2,100 p/mo."
Cruquius - Vier kamer appartement,1019 AJ Amsterdam,87 - 110 m²,4 rooms,,"From € 1,440 to 1,900 p/mo."
Cruquius - Twee kamer appartement,1019 AJ Amsterdam,54 - 68 m²,2 rooms,,"From € 995 to 1,250 p/mo."
Cruquius - Studio,1019 AJ Amsterdam,45 - 46 m²,1 room,,"From € 985 to 1,050 p/mo."
Cruquius - Friends S,1019 VT Amsterdam,56 - 61 m²,3 rooms,,"From € 1,200 to 1,300 p/mo."
Cruquius - Friends M,1019 AJ Amsterdam,66 - 71 m²,3 rooms,,"From € 1,300 to 1,400 p/mo."
Appartement type Id,1014 ZP Amsterdam,150 m²,4 rooms,,"€ 3,055 p/mo."
Cruquius - Drie kamer appartement,1019 AJ Amsterdam,68 - 83 m²,3 rooms,,"From € 1,180 to 1,500 p/mo."
B5,1019 WK Amsterdam,83 - 130 m²,,,"From € 1,100 to 2,000 p/mo."
W,1096 DT Amsterdam,128 m²,,,"€ 1,165 p/mo."
A0,1076 DS Amsterdam,78 - 185 m²,,,"From € 1,180 to 3,660 p/mo."
C01,1033 SC Amsterdam,60 m²,3 rooms,,"From € 800 to 3,000 p/mo."
Q,1033 SN Amsterdam,96 m²,3 rooms,,"From € 1,320 to 1,360 p/mo."
C1,1019 WL Amsterdam,83 - 130 m²,,,"From € 1,100 to 2,000 p/mo."
O,1033 SN Amsterdam,57 m²,3 rooms,,"From € 1,000 to 1,060 p/mo."
B,1019 RL Amsterdam,64 - 120 m²,,,"From € 1,125 to 2,000 p/mo."
X1,1033 SM Amsterdam,86 m²,3 rooms,,"€ 1,250 p/mo."
Appartement type L,1014 ZP Amsterdam,102 m²,4 rooms,,"From € 2,250 to 2,290 p/mo."
I,1096 DT Amsterdam,125 m²,2 rooms,,€ 794 p/mo.
D,1076 DV Amsterdam,72 - 193 m²,4 rooms,,"From € 1,585 to 3,565 p/mo."
A,1076 DT Amsterdam,87 - 193 m²,3 rooms,,"From € 1,585 to 3,525 p/mo."
B1,1019 WK Amsterdam,83 - 130 m²,,,"From € 1,100 to 2,000 p/mo."
FS,1019 BJ Amsterdam,54 - 158 m²,,,"From € 975 to 2,000 p/mo."
C03sp,1033 SC Amsterdam,58 m²,3 rooms,,"From € 950 to 3,000 p/mo."
B,1076 DN Amsterdam,75 - 200 m²,,,"From € 1,400 to 3,800 p/mo."
D1,1076 DV Amsterdam,70 - 195 m²,,,"From € 1,300 to 3,700 p/mo."
D1,1076 DW Amsterdam,85 - 195 m²,,,"From € 1,585 to 3,700 p/mo."
Appartement type Ds,1014 ZP Amsterdam,67 m²,3 rooms,,"€ 1,575 p/mo."
P,1076 DW Amsterdam,70 - 222 m²,,,"From € 1,300 to 4,500 p/mo."
Appartement type D,1014 ZP Amsterdam,67 m²,3 rooms,,"€ 1,605 p/mo."
Appartement type Fs,1014 ZP Amsterdam,118 m²,3 rooms,,"From € 1,500 to 5,000 p/mo."
P,1096 DS Amsterdam,168 m²,,,"€ 1,485 p/mo."
Appartement type Cs,1014 ZP Amsterdam,77 m²,3 rooms,,"From € 1,550 to 1,650 p/mo."
D2,1076 DW Amsterdam,72 - 222 m²,4 rooms,,"From € 1,405 to 4,100 p/mo."
H2,1076 DW Amsterdam,72 - 222 m²,3 rooms,,"From € 1,405 to 4,100 p/mo."
K,1076 DW Amsterdam,72 - 222 m²,3 rooms,,"From € 1,405 to 4,100 p/mo."
210,1019 WC Amsterdam,83 - 148 m²,,,"From € 1,000 to 2,500 p/mo."
Overigen,1031 KP Amsterdam,"1,000 m²",,,"From € 915 to 1,800 p/mo."
K,1076 DV Amsterdam,87 - 193 m²,4 rooms,,"From € 1,640 to 3,565 p/mo."
B3,1019 WK Amsterdam,83 - 130 m²,,,"From € 1,100 to 2,000 p/mo."
Appartement type Ia,1014 ZP Amsterdam,150 m²,4 rooms,,"€ 3,000 p/mo."
L,1076 DZ Amsterdam,70 - 222 m²,3 rooms,,"From € 1,300 to 4,500 p/mo."
Westbeat - 3-kamerappartement type A,1062 EB Amsterdam,179 - 190 m²,,,"From € 1,355 to 1,420 p/mo."
QueenThree,1062 KT Amsterdam,90 m²,3 rooms,,"From € 1,150 to 1,500 p/mo."
217,1019 XA Amsterdam,83 - 148 m²,,,"From € 1,000 to 2,500 p/mo."
A3 3K,1019 WL Amsterdam,83 - 130 m²,,,"From € 1,100 to 2,000 p/mo."
A3 2K,1019 WJ Amsterdam,83 - 130 m²,,,"From € 1,100 to 2,000 p/mo."
CS,1019 PH Amsterdam,54 - 158 m²,,,"From € 975 to 2,000 p/mo."
D1,1076 CK Amsterdam,59 - 113 m²,,,"From € 750 to 3,000 p/mo."
J,1096 DT Amsterdam,125 m²,2 rooms,,€ 773 p/mo.
J,1096 DT Amsterdam,125 m²,2 rooms,,€ 773 p/mo.
D1,1019 WL Amsterdam,83 - 130 m²,,,"From € 1,100 to 2,000 p/mo."
J,1019 PL Amsterdam,54 - 158 m²,,,"From € 975 to 2,000 p/mo."
Q-5,1096 DT Amsterdam,70 m²,3 rooms,,"From € 1,554 to 1,555 p/mo."
G',1019 SG Amsterdam,44 - 160 m²,,,"From € 995 to 2,500 p/mo."
B1,1076 CK Amsterdam,59 - 113 m²,,,"From € 750 to 3,000 p/mo."
C4,1019 WJ Amsterdam,83 - 130 m²,,,"From € 1,100 to 2,000 p/mo."
BG-L,1096 DT Amsterdam,195 m²,3 rooms,,"From € 1,449 to 1,450 p/mo."
H,1019 SH Amsterdam,44 - 160 m²,,,"From € 995 to 2,500 p/mo."
C',1019 RA Amsterdam,49 - 136 m²,,,"From € 875 to 2,000 p/mo."
E,1019 RD Amsterdam,49 - 136 m²,,,"From € 875 to 2,000 p/mo."
X2,1033 SM Amsterdam,86 m²,3 rooms,,"€ 1,360 p/mo."
BG-L1,1096 DT Amsterdam,198 m²,3 rooms,,"From € 1,459 to 1,460 p/mo."
M-2,1096 DT Amsterdam,62 m²,,,"€ 1,419 p/mo."
Type Loft A - Summertime,1082 MA Amsterdam,70 - 72 m²,1 room,,"From € 991 to 1,765 p/mo."
The David - 3-kamer appartement,1066 LH Amsterdam,72 - 142 m²,3 rooms,,"From € 1,100 to 1,650 p/mo."
D,1019 SH Amsterdam,44 - 160 m²,,,"From € 995 to 2,500 p/mo."
F,1096 DS Amsterdam,48 m²,,,From € 773 to 780 p/mo.
C,1019 SC Amsterdam,44 - 142 m²,,,"From € 995 to 2,000 p/mo."
C,1019 SG Amsterdam,44 - 160 m²,,,"From € 995 to 2,500 p/mo."
G3,1019 SG Amsterdam,44 - 160 m²,,,"From € 995 to 2,500 p/mo."
C',1019 ZZ Amsterdam,44 - 142 m²,,,"From € 995 to 2,000 p/mo."
FS,1019 SG Amsterdam,44 - 160 m²,,,"From € 995 to 2,500 p/mo."
C,1019 SC Amsterdam,70 - 186 m²,,,"From € 1,275 to 2,500 p/mo."
BC3,1019 PX Amsterdam,49 - 136 m²,,,"From € 875 to 2,000 p/mo."
B,1019 RC Amsterdam,49 - 136 m²,,,"From € 875 to 2,000 p/mo."
N pent,1033 SN Amsterdam,58 m²,2 rooms,,"€ 1,150 p/mo."
A,1019 ZZ Amsterdam,44 - 142 m²,,,"From € 995 to 2,000 p/mo."
A,1019 SK Amsterdam,64 - 120 m²,,,"From € 1,125 to 2,000 p/mo."
A,1019 RG Amsterdam,70 - 186 m²,,,"From € 1,275 to 2,500 p/mo."
A4S,1019 RB Amsterdam,49 - 136 m²,,,"From € 875 to 2,000 p/mo."
A,1019 RK Amsterdam,144 - 188 m²,,,"From € 1,810 to 2,500 p/mo."
D3,1019 RG Amsterdam,47 - 148 m²,,,"From € 835 to 2,000 p/mo."
A1,1019 RJ Amsterdam,47 - 148 m²,,,"From € 835 to 2,000 p/mo."
B0,1019 PK Amsterdam,47 - 148 m²,,,"From € 835 to 2,000 p/mo."
A2*,1019 PK Amsterdam,47 - 148 m²,,,"From € 835 to 2,000 p/mo."
A0,1019 PK Amsterdam,47 - 148 m²,,,"From € 835 to 2,000 p/mo."
B,1019 RH Amsterdam,47 - 148 m²,,,"From € 835 to 2,000 p/mo."
C,1019 PK Amsterdam,47 - 148 m²,,,"From € 835 to 2,000 p/mo."
A2,1019 PK Amsterdam,47 - 148 m²,,,"From € 835 to 2,000 p/mo."
F6,1019 PK Amsterdam,47 - 148 m²,,,"From € 835 to 2,000 p/mo."
E,1019 PK Amsterdam,47 - 148 m²,,,"From € 835 to 2,000 p/mo."
G6,1019 PK Amsterdam,47 - 148 m²,,,"From € 835 to 2,000 p/mo."
G4,1019 PK Amsterdam,47 - 148 m²,,,"From € 835 to 2,000 p/mo."
A4S,1019 PK Amsterdam,47 - 148 m²,,,"From € 835 to 2,000 p/mo."
A6*,1019 PK Amsterdam,47 - 148 m²,,,"From € 835 to 2,000 p/mo."
A0S,1019 PK Amsterdam,47 - 148 m²,,,"From € 835 to 2,000 p/mo."
A',1019 PK Amsterdam,47 - 148 m²,,,"From € 835 to 2,000 p/mo."
A1S,1019 PK Amsterdam,47 - 148 m²,,,"From € 835 to 2,000 p/mo."
A3S,1019 PK Amsterdam,47 - 148 m²,,,"From € 835 to 2,000 p/mo."
A4*,1019 PK Amsterdam,47 - 148 m²,,,"From € 835 to 2,000 p/mo."
A2S,1019 PK Amsterdam,47 - 148 m²,,,"From € 835 to 2,000 p/mo."
A6,1019 PK Amsterdam,47 - 148 m²,,,"From € 835 to 2,000 p/mo."
E4,1019 PK Amsterdam,47 - 148 m²,,,"From € 835 to 2,000 p/mo."
A4,1019 PK Amsterdam,47 - 148 m²,,,"From € 835 to 2,000 p/mo."
C2,1019 PK Amsterdam,47 - 148 m²,,,"From € 835 to 2,000 p/mo."
A7,1019 PK Amsterdam,47 - 148 m²,,,"From € 835 to 2,000 p/mo."
E7,1019 PK Amsterdam,47 - 148 m²,,,"From € 835 to 2,000 p/mo."
F,1019 PK Amsterdam,47 - 148 m²,,,"From € 835 to 2,000 p/mo."
E6,1019 PK Amsterdam,47 - 148 m²,,,"From € 835 to 2,000 p/mo."
A7*,1019 PK Amsterdam,47 - 148 m²,,,"From € 835 to 2,000 p/mo."
A6S,1019 PK Amsterdam,47 - 148 m²,,,"From € 835 to 2,000 p/mo."
A1*,1019 PK Amsterdam,47 - 148 m²,,,"From € 835 to 2,000 p/mo."
A5*,1019 PK Amsterdam,47 - 148 m²,,,"From € 835 to 2,000 p/mo."
F4,1019 PK Amsterdam,47 - 148 m²,,,"From € 835 to 2,000 p/mo."
D2,1019 PK Amsterdam,47 - 148 m²,,,"From € 835 to 2,000 p/mo."
E5,1019 PK Amsterdam,47 - 148 m²,,,"From € 835 to 2,000 p/mo."
A5S,1019 RJ Amsterdam,47 - 148 m²,,,"From € 835 to 2,000 p/mo."
G,1019 PK Amsterdam,47 - 148 m²,,,"From € 835 to 2,000 p/mo."
A7S,1019 PK Amsterdam,47 - 148 m²,,,"From € 835 to 2,000 p/mo."
A5,1019 PK Amsterdam,47 - 148 m²,,,"From € 835 to 2,000 p/mo."
D,1019 PK Amsterdam,47 - 148 m²,,,"From € 835 to 2,000 p/mo."
P-1,1096 DS Amsterdam,78 - 79 m²,,,"From € 1,629 to 1,630 p/mo."
Z-1,1096 DS Amsterdam,110 m²,,,"From € 1,139 to 1,140 p/mo."
B2,1019 RG Amsterdam,47 - 148 m²,,,"From € 835 to 2,000 p/mo."
A,1019 RH Amsterdam,47 - 148 m²,,,"From € 835 to 2,000 p/mo."
G,1019 PL Amsterdam,54 - 158 m²,,,"From € 975 to 2,000 p/mo."
A,1019 RD Amsterdam,49 - 136 m²,,,"From € 875 to 2,000 p/mo."
A1*,1019 PJ Amsterdam,54 - 158 m²,,,"From € 975 to 2,000 p/mo."
N,1033 SN Amsterdam,51 m²,2 rooms,,From € 920 to 980 p/mo.
H,1019 PK Amsterdam,54 - 158 m²,,,"From € 975 to 2,000 p/mo."
E',1019 PK Amsterdam,54 - 158 m²,,,"From € 975 to 2,000 p/mo."
F*,1019 PK Amsterdam,54 - 158 m²,,,"From € 975 to 2,000 p/mo."
F,1019 PH Amsterdam,54 - 158 m²,,,"From € 975 to 2,000 p/mo."
D,1019 PH Amsterdam,54 - 158 m²,,,"From € 975 to 2,000 p/mo."
A5,1019 PJ Amsterdam,54 - 158 m²,,,"From € 975 to 2,000 p/mo."
A5,1019 RD Amsterdam,49 - 136 m²,,,"From € 875 to 2,000 p/mo."
GS,1019 RA Amsterdam,49 - 136 m²,,,"From € 875 to 2,000 p/mo."
C0,1019 RD Amsterdam,49 - 136 m²,,,"From € 875 to 2,000 p/mo."
D3,1019 PJ Amsterdam,54 - 158 m²,,,"From € 975 to 2,000 p/mo."
A3,1019 PJ Amsterdam,54 - 158 m²,,,"From € 975 to 2,000 p/mo."
A0,1019 BJ Amsterdam,54 - 158 m²,,,"From € 975 to 2,000 p/mo."
D2,1019 PJ Amsterdam,54 - 158 m²,,,"From € 975 to 2,000 p/mo."
B0,1019 PJ Amsterdam,54 - 158 m²,,,"From € 975 to 2,000 p/mo."
P pent,1033 SN Amsterdam,107 m²,4 rooms,,"€ 2,100 p/mo."
J*,1033 SN Amsterdam,54 m²,2 rooms,,From € 910 to 940 p/mo.
A,1033 SC Amsterdam,46 m²,,,From € 805 to 855 p/mo.
I,1033 SN Amsterdam,66 m²,3 rooms,,"From € 1,100 to 1,130 p/mo."
F03,1033 SC Amsterdam,72 m²,,,"From € 1,075 to 1,105 p/mo."
C02,1033 SC Amsterdam,63 m²,,,"From € 1,025 to 1,055 p/mo."
Ivens Studio's,1087 BC Amsterdam,35 - 50 m²,1 room,,"From € 900 to 1,000 p/mo."
Woningen,1019 SG Amsterdam,50 - 140 m²,,,"From € 752 to 2,000 p/mo."
Woningen,1096 GK Amsterdam,50 - 140 m²,,,"From € 1,500 to 2,600 p/mo."
Appartementen,1057 NG Amsterdam,58 - 121 m²,,,"From € 1,000 to 1,600 p/mo."
"Hart Nibbrigstraat, Piet Mondriaanplein eengezinswoning",1061 VG Amsterdam,96 - 144 m²,4 rooms,,"From € 1,400 to 2,100 p/mo."
Woningen,1096 GG Amsterdam,49 - 172 m²,,,"From € 850 to 2,240 p/mo."
2-kamer appartement,1061 AX Amsterdam,48 - 52 m²,2 rooms,,"From € 1,035 to 1,330 p/mo."
Floor Wibautstraat - Driekamer appartementen,1091 GN Amsterdam,65 - 94 m²,,,"From € 1,200 to 1,800 p/mo."
Floor Wibautstraat - Parkeerplaatsen,1091 GN Amsterdam,,1 room,,€ 165 p/mo.
N loft 02,1033 SN Amsterdam,90 m²,3 rooms,,"€ 1,800 p/mo."
T2,1033 SM Amsterdam,80 m²,3 rooms,,"From € 1,270 to 1,340 p/mo."
Woningen,1082 ME Amsterdam,"1,000 m²",,,"From € 1,400 to 2,500 p/mo."
Floor Wibautstraat - Tweekamer appartementen,1091 GN Amsterdam,68 - 80 m²,2 rooms,,"From € 1,000 to 1,800 p/mo."
Floor Wibautstraat - Studio's,1091 GN Amsterdam,35 - 45 m²,1 room,,"From € 1,000 to 1,300 p/mo."
Type K9A - De Heelmeesters I en II,1097 BB Amsterdam,116 m²,,,"€ 1,680 p/mo."
Type G - Kon. Wilhelminaplein II,1062 KL Amsterdam,94 m²,3 rooms,,"From € 1,150 to 1,700 p/mo."
R-1,1096 DS Amsterdam,95 m²,3 rooms,,"€ 1,849 p/mo."
E02,1033 SC Amsterdam,83 m²,4 rooms,,"From € 1,245 to 1,400 p/mo."
O1 pent,1033 SN Amsterdam,65 m²,2 rooms,,"From € 1,290 to 1,370 p/mo."
Type C2 - Halve Maen,1031 KB Amsterdam,74 m²,,,"€ 1,400 p/mo."
Type K2S - Statendam,1031 KG Amsterdam,64 m²,,,"€ 1,270 p/mo."
Type E1S - Statendam,1031 KD Amsterdam,85 m²,,,"€ 1,400 p/mo."
Type C1 - Kon. Wilhelminaplein II,1062 KL Amsterdam,89 m²,,,"€ 1,275 p/mo."
Type H2 - Halve Maen,1031 KB Amsterdam,109 m²,,,"€ 1,725 p/mo."
T1,1033 SM Amsterdam,80 m²,4 rooms,,"From € 1,050 to 1,150 p/mo."
S1,1033 EM Amsterdam,67 m²,3 rooms,,"€ 1,440 p/mo."
E03,1033 SC Amsterdam,83 m²,4 rooms,,"From € 1,200 to 1,400 p/mo."
E01,1033 SC Amsterdam,88 m²,4 rooms,,"From € 1,200 to 1,400 p/mo."
Type 2 Kamers - Summertime,1082 MK Amsterdam,67 - 68 m²,2 rooms,,"From € 991 to 1,765 p/mo."
Type K14B - De Heelmeesters I en II,1097 BC Amsterdam,74 - 152 m²,3 rooms,,"From € 740 to 2,200 p/mo."
Dok 15 appartementen,1031 JK Amsterdam,48 - 100 m²,,,"From € 1,160 to 2,060 p/mo."
Q,1033 SN Amsterdam,96 m²,3 rooms,,"From € 1,320 to 1,360 p/mo."
C01 mais,1033 SC Amsterdam,100 m²,3 rooms,,"From € 1,500 to 1,600 p/mo."
4-kamerappartement,1031 HK Amsterdam,90 - 160 m²,4 rooms,,"From € 1,620 to 1,995 p/mo."
E,1096 DS Amsterdam,48 m²,2 rooms,,€ 773 p/mo.
O,1033 SN Amsterdam,57 m²,3 rooms,,"From € 1,000 to 1,060 p/mo."
W-1,1096 DS Amsterdam,51 - 52 m²,,,"From € 1,159 to 1,160 p/mo."
Type E5 - Halve Maen,1031 KB Amsterdam,110 m²,,,"€ 1,690 p/mo."
M,1096 DT Amsterdam,62 m²,3 rooms,,"€ 1,404 p/mo."
Type LoftD - Summertime,1082 MA Amsterdam,74 m²,,,€ 991 p/mo.
R1,1033 SM Amsterdam,92 m²,4 rooms,,"From € 1,390 to 1,430 p/mo."
Type P4 - De Heelmeesters I en II,1097 BB Amsterdam,81 m²,,,"€ 1,425 p/mo."
2-kamer appartement,1076 ED Amsterdam,60 - 75 m²,,,"From € 1,100 to 1,300 p/mo."
M-4,1096 DT Amsterdam,63 - 64 m²,3 rooms,,"€ 1,390 p/mo."
N-1,1096 DT Amsterdam,64 m²,,,"From € 1,395 to 1,400 p/mo."
4-kamer appartement,1076 ED Amsterdam,90 - 100 m²,,,"From € 1,500 to 2,100 p/mo."
Type D2 - Statendam,1031 KD Amsterdam,82 m²,,,"€ 1,385 p/mo."
X3,1033 SM Amsterdam,86 - 88 m²,3 rooms,,"€ 1,360 p/mo."
3 Kamerwoning,1052 MA Amsterdam,75 - 96 m²,3 rooms,,"From € 1,550 to 1,900 p/mo."
Type LoftC - Summertime,1082 MA Amsterdam,63 m²,,,€ 991 p/mo.
Q-1,1096 DT Amsterdam,71 m²,3 rooms,,"€ 1,515 p/mo."
S-1,1096 DS Amsterdam,94 - 95 m²,3 rooms,,"€ 1,705 p/mo."
S,1096 DS Amsterdam,93 - 94 m²,3 rooms,,"€ 1,670 p/mo."
Type X3-A - Het Baken,1097 JR Amsterdam,61 m²,,,"From € 1,100 to 1,200 p/mo."
Type LoftB - Summertime,1082 MA Amsterdam,70 - 80 m²,,,"From € 990 to 1,000 p/mo."
R5,1033 SM Amsterdam,94 m²,3 rooms,,"€ 1,440 p/mo."
3-kamer appartement,1082 MZ Amsterdam,50 - 100 m²,,,"From € 1,000 to 2,300 p/mo."
R,1096 DS Amsterdam,110 m²,,,"From € 1,865 to 1,870 p/mo."
Appartementen Mura,1087 NB Amsterdam,81 - 235 m²,4 rooms,,"From € 1,200 to 2,800 p/mo."
V,1096 DS Amsterdam,84 m²,,,"€ 1,705 p/mo."
M-1,1096 DT Amsterdam,64 m²,,,"From € 1,390 to 1,400 p/mo."
3-kamer appartement,1061 AX Amsterdam,67 - 69 m²,3 rooms,,"From € 1,035 to 1,330 p/mo."
N loft 03,1033 SN Amsterdam,90 m²,3 rooms,,"€ 1,800 p/mo."
H,1033 SE Amsterdam,91 - 93 m²,3 rooms,,"From € 1,250 to 1,300 p/mo."
2-kamer appartement,1087 HJ Amsterdam,43 - 68 m²,,,"From € 798 to 1,415 p/mo."
Type 3KE - Kon. Wilhelminaplein I,1062 KB Amsterdam,90 - 166 m²,,,"From € 1,100 to 2,200 p/mo."
Dok7 Lia Doranastraat 3-kamerappartement,1031 HK Amsterdam,,,,"From € 1,030 to 2,500 p/mo."
X4,1033 EM Amsterdam,86 m²,3 rooms,,"€ 1,360 p/mo."
R2,1033 SM Amsterdam,91 m²,4 rooms,,"From € 1,390 to 1,420 p/mo."
X1,1033 SM Amsterdam,86 m²,3 rooms,,"€ 1,250 p/mo."
Terraswoning,1082 MT Amsterdam,75 - 102 m²,4 rooms,,"From € 2,045 to 2,495 p/mo."
Hoekwoning,1082 MT Amsterdam,42 - 120 m²,,,"From € 1,030 to 2,995 p/mo."
Tussenwoning,1082 MT Amsterdam,53 - 102 m²,,,"From € 1,030 to 2,995 p/mo."
4-kamer appartement,1082 MZ Amsterdam,65 - 111 m²,,,"From € 1,240 to 2,110 p/mo."
A7,1076 ED Amsterdam,72 m²,,,"€ 1,315 p/mo."
studio,1087 HJ Amsterdam,45 - 94 m²,,,"From € 790 to 1,495 p/mo."
Leidekkerstraat,1012 JC Amsterdam,86 - 111 m²,3 rooms,,"From € 1,900 to 2,500 p/mo."
Type X1,1052 MA Amsterdam,70 - 90 m²,4 rooms,,"From € 1,550 to 1,900 p/mo."
Type 3K - Summertime,1082 MK Amsterdam,64 m²,,,"From € 991 to 1,300 p/mo."
2 Kamerwoning,1052 LB Amsterdam,70 - 93 m²,2 rooms,,"From € 1,550 to 1,900 p/mo."
Warmoesstraat,1012 JC Amsterdam,42 - 115 m²,3 rooms,,"From € 1,900 to 2,300 p/mo."
Type E1 - Statendam,1031 KG Amsterdam,86 m²,,,"From € 1,330 to 1,395 p/mo."
Type F1S - Statendam,1031 KD Amsterdam,92 m²,,,"From € 1,400 to 1,450 p/mo."
Type C1 - Statendam,1031 KD Amsterdam,74 m²,,,"From € 1,250 to 1,285 p/mo."
Type B10 - Rivers,1079 RH Amsterdam,91 m²,,,"From € 1,520 to 1,530 p/mo."
Type X2-F - Het Baken,1097 JR Amsterdam,81 m²,,,"€ 1,035 p/mo."
Type X2-C - Het Baken,1097 JR Amsterdam,66 m²,,,"€ 1,100 p/mo."
Type X2-B - Het Baken,1097 JR Amsterdam,65 m²,,,"From € 1,015 to 1,020 p/mo."
Type K5A - De Heelmeesters I en II,1097 BC Amsterdam,93 m²,,,"From € 1,480 to 1,520 p/mo."
Type K4A - De Heelmeesters I en II,1097 BB Amsterdam,80 - 81 m²,,,€ 800 p/mo.
Type K2A - De Heelmeesters I en II,1097 BB Amsterdam,76 m²,,,€ 800 p/mo.
Type K13A - De Heelmeesters I en II,1097 BB Amsterdam,93 m²,,,"From € 1,560 to 1,675 p/mo."
Type K12A - De Heelmeesters I en II,1097 BB Amsterdam,100 m²,,,"From € 1,490 to 1,515 p/mo."
Type K10A - De Heelmeesters I en II,1097 BB Amsterdam,91 m²,,,"From € 1,360 to 1,480 p/mo."
Type G1 - De Heelmeesters I en II,1097 BB Amsterdam,96 m²,,,"From € 1,455 to 1,475 p/mo."
Type B1 - De Heelmeesters I en II,1097 BB Amsterdam,152 m²,,,"From € 1,250 to 2,100 p/mo."
Type A1 - De Heelmeesters I en II,1097 BB Amsterdam,152 m²,,,"€ 2,245 p/mo."
Type K1 - Halve Maen,1031 KB Amsterdam,98 m²,,,"€ 1,505 p/mo."
Type J1 - Halve Maen,1031 KB Amsterdam,113 m²,,,"€ 1,665 p/mo."
Type I1 - Halve Maen,1031 KB Amsterdam,101 m²,,,"€ 1,515 p/mo."
Type H1 - Halve Maen,1031 KB Amsterdam,110 m²,,,"€ 1,700 p/mo."
Type E1 - Halve Maen,1031 KB Amsterdam,131 m²,,,"€ 1,905 p/mo."
Type C1 - Halve Maen,1031 KB Amsterdam,76 m²,,,"€ 1,300 p/mo."
Type B1 - Halve Maen,1031 KB Amsterdam,54 m²,,,"€ 1,085 p/mo."
Type A2 - Halve Maen,1031 KB Amsterdam,100 m²,,,"From € 1,475 to 1,550 p/mo."
Type A1 - Halve Maen,1031 KB Amsterdam,100 m²,,,"€ 1,450 p/mo."
Geinwijk II - Type A,1103 DS Amsterdam,103 m²,4 rooms,,From € 880 to 885 p/mo.
Geinwijk I - Type EH,1103 DJ Amsterdam,147 m²,6 rooms,,"€ 1,145 p/mo."
Geinwijk I - Type E,1103 DN Amsterdam,102 m²,4 rooms,,€ 945 p/mo.
Geinwijk I - Type C,1103 DM Amsterdam,129 m²,5 rooms,,"From € 1,055 to 1,070 p/mo."
Geinwijk I - Type BH,1103 DJ Amsterdam,117 m²,5 rooms,,"€ 1,035 p/mo."
Type E4 - Halve Maen,1031 KB Amsterdam,64 - 105 m²,,,"From € 1,130 to 1,600 p/mo."
type X3-B Statendam,1031 KD Amsterdam,81 m²,3 rooms,,"From € 1,300 to 1,500 p/mo."
Type E - Kon. Wilhelminaplein II,1062 KM Amsterdam,75 m²,,,"From € 1,150 to 1,700 p/mo."
Type C1S - Statendam,1031 KD Amsterdam,64 - 105 m²,,,"From € 1,130 to 1,600 p/mo."
Type K3 - Halve Maen,1031 KB Amsterdam,64 - 105 m²,,,"From € 1,130 to 1,600 p/mo."
Type F - Kon. Wilhelminaplein II,1062 KK Amsterdam,94 m²,,,"From € 1,150 to 1,700 p/mo."
Type Y3,1052 MA Amsterdam,86 m²,4 rooms,,"€ 1,745 p/mo."
Sint Jansstraat,1012 HG Amsterdam,77 m²,3 rooms,,"From € 2,000 to 2,300 p/mo."
Ivens Studio's,1087 BC Amsterdam,36 - 50 m²,1 room,,From € 755 to 930 p/mo.
Type P1 - De Heelmeesters I en II,1097 BB Amsterdam,126 m²,,,"From € 850 to 2,500 p/mo."
Type E3 - Halve Maen,1031 KB Amsterdam,64 - 273 m²,,,"From € 1,130 to 1,600 p/mo."
Type 3KG - Kon. Wilhelminaplein I,1062 KS Amsterdam,90 - 110 m²,3 rooms,,"From € 1,050 to 1,200 p/mo."
Type K11B - De Heelmeesters I en II,1097 BB Amsterdam,84 m²,,,"From € 1,400 to 1,440 p/mo."
Type X2-A - Het Baken,1097 JR Amsterdam,60 - 80 m²,2 rooms,,"From € 977 to 1,178 p/mo."
Type K1A - De Heelmeesters I en II,1097 BB Amsterdam,86 m²,,,"€ 1,355 p/mo."
Type 3KF - Kon. Wilhelminaplein I,1062 KD Amsterdam,93 m²,,,"From € 1,125 to 1,220 p/mo."
Type 4KD - Kon. Wilhelminaplein I,1062 KS Amsterdam,205 m²,,,"From € 1,965 to 1,975 p/mo."
Type D1S - Statendam,1031 KD Amsterdam,81 m²,,,"From € 1,300 to 1,500 p/mo."
Type D1 - Statendam,1031 KD Amsterdam,81 m²,,,"From € 1,300 to 1,500 p/mo."
Type P1 - Halve Maen,1031 KB Amsterdam,64 - 105 m²,3 rooms,,"From € 1,130 to 1,600 p/mo."
Type L - Kon. Wilhelminaplein II,1062 KM Amsterdam,90 - 166 m²,3 rooms,,"From € 1,100 to 1,600 p/mo."
"Buitenveldert I, II & III - Type PIV",1082 NP Amsterdam,75 - 80 m²,3 rooms,,"From € 1,085 to 2,250 p/mo."
Type Y1,1052 MA Amsterdam,70 - 90 m²,4 rooms,,"From € 1,550 to 1,900 p/mo."
Type L1 - Statendam,1031 KD Amsterdam,65 - 70 m²,3 rooms,,"From € 1,130 to 1,600 p/mo."
Type F1 - Statendam,1031 KG Amsterdam,64 - 105 m²,3 rooms,,"From € 1,130 to 1,600 p/mo."
Type 3KC - Kon. Wilhelminaplein I,1062 KB Amsterdam,90 - 166 m²,3 rooms,,"From € 1,100 to 2,200 p/mo."
Type G4 - De Heelmeesters I en II,1097 BB Amsterdam,96 m²,,,"From € 710 to 1,950 p/mo."
Type K15B - De Heelmeesters I en II,1097 BB Amsterdam,74 - 152 m²,3 rooms,,"From € 1,250 to 2,100 p/mo."
Type E8 - Halve Maen,1031 KB Amsterdam,90 - 95 m²,4 rooms,,"From € 1,070 to 2,000 p/mo."
Geinwijk II - Type B,1103 DS Amsterdam,80 - 90 m²,4 rooms,,€ 900 p/mo.
Geinwijk I - Type D,1103 DJ Amsterdam,102 m²,4 rooms,,From € 935 to 950 p/mo.
"Buitenveldert I, II & III - Type 3TIII",1082 NS Amsterdam,70 - 80 m²,3 rooms,,"From € 1,085 to 2,250 p/mo."
Type D - Kon. Wilhelminaplein II,1062 KK Amsterdam,90 - 166 m²,3 rooms,,"From € 1,100 to 2,200 p/mo."
Type A7 - Rivers,1079 RM Amsterdam,30 - 33 m²,3 rooms,,"From € 1,065 to 1,600 p/mo."
Type A2 - Rivers,1079 RH Amsterdam,25 - 27 m²,2 rooms,,"From € 1,065 to 1,600 p/mo."
Type A1 - Rivers,1079 RH Amsterdam,25 - 27 m²,3 rooms,,"From € 1,065 to 1,600 p/mo."
Geinwijk I - Type FH,1103 DJ Amsterdam,125 m²,5 rooms,,"From € 1,060 to 1,070 p/mo."
Geinwijk I - Type CDH,1103 DJ Amsterdam,105 m²,4 rooms,,"From € 955 to 1,165 p/mo."
Geinwijk I - Type AH,1103 DJ Amsterdam,105 m²,1 room,,From € 950 to 985 p/mo.
Geinwijk II - bovenwoning,1103 DS Amsterdam,101 - 117 m²,4 rooms,,"From € 880 to 1,195 p/mo."
Geinwijk II - benedenwoning,1103 DS Amsterdam,101 - 117 m²,3 rooms,,"From € 880 to 1,195 p/mo."
Intermezzo,1082 MK Amsterdam,58 - 138 m²,,,"From € 1,020 to 3,220 p/mo."
Type 4,1104 MM Amsterdam,123 m²,4 rooms,,"From € 1,600 to 1,640 p/mo."
Type 3,1104 LT Amsterdam,107 m²,4 rooms,,"From € 1,480 to 1,520 p/mo."
Type 2,1104 LT Amsterdam,103 m²,4 rooms,,"From € 1,480 to 1,520 p/mo."
Type 1,1104 MM Amsterdam,103 m²,4 rooms,,"From € 1,380 to 1,420 p/mo."
Appartement,1061 BS Amsterdam,120 - 200 m²,3 rooms,,"From € 990 to 1,095 p/mo."
3 kamer appartement Paradijsplein Oostpoort,1093 Amsterdam,65 - 131 m²,3 rooms,,From € 897 to 922 p/mo.
2-kamer appartement Paradijsplein Oostpoort,1093 NK Amsterdam,47 - 80 m²,2 rooms,,From € 759 to 922 p/mo.
De Vaandeldrager,1076 DN Amsterdam,90 - 180 m²,,,"From € 1,030 to 3,500 p/mo."
De Winnaar,1076 DS Amsterdam,72 - 280 m²,,,"From € 910 to 3,550 p/mo."
Waterlandplein / IJdoornlaan,1024 KM Amsterdam,218 - 348 m²,4 rooms,,"From € 1,199 to 1,549 p/mo."
Delflandplein,1062 HV Amsterdam,74 - 76 m²,4 rooms,,"€ 1,625 p/mo."
appartementen,1095 MP Amsterdam,44 - 115 m²,,,"From € 750 to 1,400 p/mo."
Appartementen,1067 Amsterdam,135 - 165 m²,,,"From € 1,200 to 1,300 p/mo."
Vijfkamerappartementen,1108 CP Amsterdam,120 - 140 m²,5 rooms,,"From € 880 to 1,450 p/mo."
Tweekamerappartementen,1108 CP Amsterdam,54 - 75 m²,2 rooms,,"From € 650 to 1,420 p/mo."
appartementen,1096 BA Amsterdam,51 - 80 m²,,,"From € 900 to 1,350 p/mo."
Appartement,1087 ML Amsterdam,99 - 118 m²,,,"From € 1,047 to 1,495 p/mo."
Appartement,1096 GG Amsterdam,80 - 105 m²,,,"From € 1,250 to 1,700 p/mo."
Appartement,1062 KS Amsterdam,82 - 100 m²,,,"From € 1,150 to 1,700 p/mo."
Appartementen,1021 Amsterdam,89 - 138 m²,,,"From € 1,121 to 1,375 p/mo."
Appartementen,1093 Amsterdam,60 - 64 m²,,,"From € 1,400 to 1,450 p/mo."
Eengezinswoningen,1103 BB Amsterdam,118 - 127 m²,,,"From € 1,011 to 1,168 p/mo."
Titus van Rijnstraat / Andreasplein,1058 GD Amsterdam,82 - 145 m²,,,"From € 1,500 to 2,400 p/mo."
appartementen,1068 ZX Amsterdam,70 - 145 m²,,,"From € 900 to 1,900 p/mo."
appartementen,1079 TX Amsterdam,178 - 285 m²,,,"From € 1,045 to 2,390 p/mo."
appartementen,1078 XZ Amsterdam,72 - 335 m²,,,"From € 1,200 to 2,400 p/mo."
Appartementen vanaf 77 m² tot 99 m²,1096 Amsterdam,77 - 99 m²,,,"From € 1,300 to 1,900 p/mo."
Appartement,1096 GG Amsterdam,208 - 273 m²,2 rooms,,"From € 1,250 to 1,700 p/mo."
Appartementen vanaf 49 m² tot 60 m²,1096 Amsterdam,50 - 60 m²,,,"From € 850 to 1,150 p/mo."
appartementen,1022 LA Amsterdam,74 - 113 m²,,,"From € 900 to 1,200 p/mo."
appartement,1064 ZK Amsterdam,54 - 80 m²,,,"From € 890 to 1,100 p/mo."
Warmoesstraat,1012 JC Amsterdam,41 - 115 m²,,,"From € 1,500 to 2,750 p/mo."
Appartementen,1079 RH Amsterdam,53 - 72 m²,3 rooms,,"From € 955 to 1,375 p/mo."
Laan van Spartaan - Wim van Estlaan 1 t/m 34,1061 Amsterdam,72 - 110 m²,2 rooms,,"From € 825 to 1,100 p/mo."
Vrije sector,1031 KP Amsterdam,76 - 88 m²,,,"From € 1,444 to 1,524 p/mo."
Leusdenhof/Leerdamhof vijfkamerappartement,1108 DH Amsterdam,94 - 120 m²,5 rooms,,"From € 1,025 to 1,200 p/mo."
Buyspad 4 t/m 50  - Buyskade 216 t/m 254,1051 MB Amsterdam,73 - 98 m²,,,"From € 1,000 to 1,500 p/mo."
Appartementen,1013 AD Amsterdam,85 - 145 m²,,,"From € 1,520 to 2,050 p/mo."
Grachtenpanden,1019 RK Amsterdam,50 - 100 m²,,,"From € 1,660 to 2,100 p/mo."
De Binnentuinen,1019 RL Amsterdam,50 - 100 m²,,,"From € 1,000 to 2,000 p/mo."
appartementen en maisonnettes,1019 RL Amsterdam,50 - 100 m²,,,"From € 800 to 1,440 p/mo."
De Koploper,1076 DV Amsterdam,90 - 224 m²,,,"From € 1,475 to 4,100 p/mo."
Appartementen,1066 JG Amsterdam,91 - 119 m²,,,"From € 830 to 1,290 p/mo."
Appartementen,1076 DP Amsterdam,66 - 140 m²,3 rooms,,"From € 1,070 to 2,850 p/mo."
Weteringschans 261 l,1017 XJ Amsterdam,63 m²,4 rooms,Available on 6/1/2022,"€ 1,550 p/mo."
Koninginneweg 224 3,1075 EM Amsterdam,90 m²,3 rooms,Available in consultation,"€ 2,950 p/mo."
Elandsgracht 10 D*,1016 TV Amsterdam,116 m²,3 rooms,Available on 6/1/2022,"€ 2,450 p/mo."
Henriëtte Bosmansstraat 38,1077 XJ Amsterdam,220 m²,7 rooms,Available on 8/1/2022,"€ 7,500 p/mo."
Alexandrine Tinnehof 14,1087 CM Amsterdam,130 m²,4 rooms,Available on 6/1/2022,"€ 2,500 p/mo."
Wagenaarstraat 318 4,1093 CX Amsterdam,108 m²,5 rooms,Available on 6/1/2022,"€ 2,600 p/mo."
Rapenburgerstraat 157 D,1011 VM Amsterdam,75 m²,3 rooms,Available on 7/1/2022,"€ 2,100 p/mo."
Schaarsbergenstraat 83,1107 JT Amsterdam,61 m²,3 rooms,Available on 7/1/2022,"€ 1,600 p/mo."
Professor J.H. Gunningstraat 40,1068 MS Amsterdam,133 m²,5 rooms,Available on 6/1/2022,"€ 2,350 p/mo."
Laing's Nekstraat 37 2,1092 GT Amsterdam,73 m²,3 rooms,Available immediately,"€ 1,950 p/mo."
Jacques Veltmanstraat 209,1065 DB Amsterdam,80 m²,3 rooms,Available on 7/15/2022,"€ 1,950 p/mo."
Van Eeghenstraat 151 H,1071 GB Amsterdam,120 m²,5 rooms,Available on 6/1/2022,"€ 3,000 p/mo."
Elckerlijcstraat 35,1055 AK Amsterdam,123 m²,5 rooms,Available in consultation,"€ 2,750 p/mo."
Apollolaan 197 D,1077 AX Amsterdam,125 m²,2 rooms,Available immediately,"€ 2,600 p/mo."
Koningslaan 22 B,1075 AD Amsterdam,95 m²,3 rooms,Available on 6/1/2022,"€ 3,950 p/mo."
Marie Heinekenplein 306,1072 MK Amsterdam,81 m²,3 rooms,Available immediately,"€ 2,300 p/mo."
Pieter Nieuwlandstraat 28 A,1093 XR Amsterdam,65 m²,3 rooms,Available on 6/17/2022,"€ 1,950 p/mo."
Van Eeghenstraat 151 1,1071 GB Amsterdam,120 m²,5 rooms,Available on 6/2/2022,"€ 3,150 p/mo."
Arcellastraat 4,1035 VN Amsterdam,75 m²,3 rooms,Available on 7/1/2022,"€ 1,800 p/mo."
Harry Koningsbergerstraat 192,1063 AH Amsterdam,48 m²,2 rooms,Available on 6/7/2022,"€ 1,700 p/mo."
Keizersgracht 153 I,1015 CL Amsterdam,80 m²,2 rooms,Available on 7/1/2022,"€ 2,350 p/mo."
Gustav Mahlerlaan 931,1082 MK Amsterdam,110 m²,3 rooms,Available on 7/1/2022,"€ 3,400 p/mo."
Singel 25 F,1012 VC Amsterdam,120 m²,4 rooms,Available on 6/1/2022,"€ 3,250 p/mo."
Spuistraat 30,1012 TS Amsterdam,75 m²,3 rooms,Available immediately,"€ 1,700 p/mo."
Eerste Weteringdwarsstraat 70,1017 TP Amsterdam,65 m²,3 rooms,Available immediately,"€ 2,150 p/mo."
Nieuwe Weteringstraat 67 ong,1017 ZX Amsterdam,100 m²,3 rooms,Available immediately,"€ 2,750 p/mo."
Kabelweg 36,1014 BB Amsterdam,100 m²,4 rooms,Available on 7/1/2022,"€ 2,550 p/mo."
Rondeel 40,1083 ME Amsterdam,100 m²,3 rooms,Available on 6/24/2022,"€ 1,900 p/mo."
Johan Huijsenstraat 36,1087 LC Amsterdam,80 m²,3 rooms,Available in consultation,"€ 1,700 p/mo."
Van Leijenberghlaan 4 K,1082 GM Amsterdam,120 m²,3 rooms,Available immediately,"€ 3,000 p/mo."
Bilderdijkkade 63,1053 VJ Amsterdam,95 m²,4 rooms,Available in consultation,"€ 2,750 p/mo."
Ranonkelkade 75,1031 XX Amsterdam,50 m²,4 rooms,Available in consultation,"€ 1,450 p/mo."
Eerste Helmersstraat 321,1054 ED Amsterdam,70 m²,3 rooms,Available immediately,"€ 1,850 p/mo."
Haarlemmerweg 334,1014 BL Amsterdam,40 m²,1 room,Available immediately,"€ 1,450 p/mo."
Westlandgracht 81,1058 TP Amsterdam,60 m²,2 rooms,Available immediately,"€ 1,750 p/mo."
Galgenstraat 11 3,1013 LT Amsterdam,75 m²,3 rooms,Available on 6/27/2022,"€ 2,250 p/mo."
Theodoor van Hoytemastraat 55 PP,1062 CG Amsterdam,,,Available in consultation,€ 100 p/mo.
Onstein 78,1082 KL Amsterdam,85 m²,4 rooms,Available on 7/1/2022,"€ 2,700 p/mo."
Rapenburgerstraat 91 IV,1011 VL Amsterdam,55 m²,3 rooms,Available on 6/7/2022,"€ 1,675 p/mo."
Loenermark 509,1025 TT Amsterdam,80 m²,3 rooms,Available on 6/1/2022,"€ 1,750 p/mo."
Gustav Mahlerlaan 545 -C,1082 MK Amsterdam,110 m²,2 rooms,Available on 6/1/2022,"€ 2,650 p/mo."
Weesperzijde 30 4,1091 EC Amsterdam,113 m²,4 rooms,Available immediately,"€ 2,850 p/mo."
Assumburg 53,1081 GB Amsterdam,71 m²,2 rooms,Available immediately,"€ 1,600 p/mo."
Gustav Mahlerlaan 529 C,1082 MK Amsterdam,100 m²,3 rooms,Available on 6/1/2022,"€ 2,350 p/mo."
Herengracht 187 A,1016 BE Amsterdam,130 m²,3 rooms,Available immediately,"€ 3,800 p/mo."
Leliegracht 12 1,1015 DE Amsterdam,95 m²,2 rooms,Available immediately,"€ 2,250 p/mo."
Leliegracht 12 II,1015 DE Amsterdam,160 m²,3 rooms,Available in consultation,"€ 3,400 p/mo."
Haringpakkerssteeg 5 F,1012 LR Amsterdam,17 m²,4 rooms,Available immediately,€ 770 p/mo.
Van Nijenrodeweg 602,1082 HW Amsterdam,100 m²,4 rooms,Available on 8/1/2022,"€ 2,250 p/mo."
Amstel 14,1017 AA Amsterdam,50 m²,2 rooms,Available on 6/1/2022,"€ 1,750 p/mo."
Tweede Oosterparkstraat 231 1,1092 BL Amsterdam,75 m²,2 rooms,Available in consultation,"€ 1,700 p/mo."
Eerste Leliedwarsstraat 6 1,1015 TA Amsterdam,40 m²,2 rooms,Available on 6/1/2022,"€ 1,600 p/mo."
Westerstraat 84,1015 ML Amsterdam,37 m²,2 rooms,Available on 6/1/2022,"€ 1,800 p/mo."
Fagelstraat 72 1,1052 GG Amsterdam,45 m²,2 rooms,Available immediately,"€ 1,500 p/mo."
